-- phpMyAdmin SQL Dump
-- version 4.8.4
-- https://www.phpmyadmin.net/
--
-- Host: 127.0.0.1
-- Generation Time: Jun 26, 2019 at 05:01 PM
-- Server version: 10.1.37-MariaDB
-- PHP Version: 7.3.1

SET SQL_MODE = "NO_AUTO_VALUE_ON_ZERO";
SET AUTOCOMMIT = 0;
START TRANSACTION;
SET time_zone = "+00:00";


/*!40101 SET @OLD_CHARACTER_SET_CLIENT=@@CHARACTER_SET_CLIENT */;
/*!40101 SET @OLD_CHARACTER_SET_RESULTS=@@CHARACTER_SET_RESULTS */;
/*!40101 SET @OLD_COLLATION_CONNECTION=@@COLLATION_CONNECTION */;
/*!40101 SET NAMES utf8mb4 */;

--
-- Database: `eapi`
--

-- --------------------------------------------------------

--
-- Table structure for table `migrations`
--

CREATE TABLE `migrations` (
  `id` int(10) UNSIGNED NOT NULL,
  `migration` varchar(191) COLLATE utf8mb4_unicode_ci NOT NULL,
  `batch` int(11) NOT NULL
) ENGINE=InnoDB DEFAULT CHARSET=utf8mb4 COLLATE=utf8mb4_unicode_ci;

--
-- Dumping data for table `migrations`
--

INSERT INTO `migrations` (`id`, `migration`, `batch`) VALUES
(1, '2014_10_12_000000_create_users_table', 1),
(2, '2014_10_12_100000_create_password_resets_table', 1),
(3, '2019_06_19_092642_create_products_table', 1),
(4, '2019_06_19_092726_create_reviews_table', 1),
(5, '2019_06_26_122111_create_orders_table', 1),
(6, '2019_06_26_122129_create_order_items_table', 1);

-- --------------------------------------------------------

--
-- Table structure for table `orders`
--

CREATE TABLE `orders` (
  `id` bigint(20) UNSIGNED NOT NULL,
  `user_id` bigint(20) UNSIGNED NOT NULL,
  `total_amount` double NOT NULL,
  `created_at` timestamp NULL DEFAULT NULL,
  `updated_at` timestamp NULL DEFAULT NULL
) ENGINE=InnoDB DEFAULT CHARSET=utf8mb4 COLLATE=utf8mb4_unicode_ci;

--
-- Dumping data for table `orders`
--

INSERT INTO `orders` (`id`, `user_id`, `total_amount`, `created_at`, `updated_at`) VALUES
(1, 2, 1530.02, '2019-06-26 13:59:52', '2019-06-26 13:59:52'),
(2, 2, 3128.68, '2019-06-26 13:59:53', '2019-06-26 13:59:53'),
(3, 2, 4960.54, '2019-06-26 13:59:53', '2019-06-26 13:59:53'),
(4, 2, 4737.62, '2019-06-26 13:59:53', '2019-06-26 13:59:53'),
(5, 1, 3334.52, '2019-06-26 13:59:53', '2019-06-26 13:59:53'),
(6, 1, 1871.74, '2019-06-26 13:59:53', '2019-06-26 13:59:53'),
(7, 2, 2909.79, '2019-06-26 13:59:54', '2019-06-26 13:59:54'),
(8, 2, 1517.78, '2019-06-26 13:59:54', '2019-06-26 13:59:54'),
(9, 1, 3721.99, '2019-06-26 13:59:54', '2019-06-26 13:59:54'),
(10, 2, 4914.05, '2019-06-26 13:59:54', '2019-06-26 13:59:54'),
(11, 1, 4768.93, '2019-06-26 13:59:54', '2019-06-26 13:59:54'),
(12, 1, 3274.89, '2019-06-26 13:59:54', '2019-06-26 13:59:54'),
(13, 2, 4518.14, '2019-06-26 13:59:54', '2019-06-26 13:59:54'),
(14, 2, 2935.18, '2019-06-26 13:59:54', '2019-06-26 13:59:54'),
(15, 2, 2143.77, '2019-06-26 13:59:54', '2019-06-26 13:59:54'),
(16, 1, 3164.76, '2019-06-26 13:59:54', '2019-06-26 13:59:54'),
(17, 1, 2147.69, '2019-06-26 13:59:54', '2019-06-26 13:59:54'),
(18, 1, 1059.99, '2019-06-26 13:59:55', '2019-06-26 13:59:55'),
(19, 2, 1968.06, '2019-06-26 13:59:55', '2019-06-26 13:59:55'),
(20, 1, 1028.9, '2019-06-26 13:59:55', '2019-06-26 13:59:55');

-- --------------------------------------------------------

--
-- Table structure for table `order_items`
--

CREATE TABLE `order_items` (
  `id` bigint(20) UNSIGNED NOT NULL,
  `order_id` bigint(20) UNSIGNED NOT NULL,
  `product_id` bigint(20) UNSIGNED NOT NULL,
  `quantity` int(10) UNSIGNED NOT NULL,
  `amount` double NOT NULL,
  `created_at` timestamp NULL DEFAULT NULL,
  `updated_at` timestamp NULL DEFAULT NULL
) ENGINE=InnoDB DEFAULT CHARSET=utf8mb4 COLLATE=utf8mb4_unicode_ci;

--
-- Dumping data for table `order_items`
--

INSERT INTO `order_items` (`id`, `order_id`, `product_id`, `quantity`, `amount`, `created_at`, `updated_at`) VALUES
(1, 14, 2, 1, 741.28, '2019-06-26 13:59:56', '2019-06-26 13:59:56'),
(2, 4, 9, 3, 718, '2019-06-26 13:59:56', '2019-06-26 13:59:56'),
(3, 20, 1, 3, 775.63, '2019-06-26 13:59:56', '2019-06-26 13:59:56'),
(4, 12, 4, 2, 539.32, '2019-06-26 13:59:57', '2019-06-26 13:59:57'),
(5, 18, 10, 1, 627.25, '2019-06-26 13:59:57', '2019-06-26 13:59:57'),
(6, 2, 8, 1, 629.75, '2019-06-26 13:59:58', '2019-06-26 13:59:58'),
(7, 19, 5, 2, 736.93, '2019-06-26 13:59:58', '2019-06-26 13:59:58'),
(8, 9, 9, 1, 654.44, '2019-06-26 13:59:58', '2019-06-26 13:59:58'),
(9, 13, 3, 3, 720.93, '2019-06-26 13:59:58', '2019-06-26 13:59:58'),
(10, 13, 7, 1, 659.05, '2019-06-26 13:59:58', '2019-06-26 13:59:58'),
(11, 7, 2, 2, 531.45, '2019-06-26 13:59:58', '2019-06-26 13:59:58'),
(12, 12, 1, 3, 581.45, '2019-06-26 13:59:58', '2019-06-26 13:59:58'),
(13, 18, 9, 2, 652.49, '2019-06-26 13:59:58', '2019-06-26 13:59:58'),
(14, 13, 7, 3, 606.08, '2019-06-26 13:59:58', '2019-06-26 13:59:58'),
(15, 13, 1, 3, 692.14, '2019-06-26 13:59:59', '2019-06-26 13:59:59'),
(16, 2, 6, 3, 633.81, '2019-06-26 13:59:59', '2019-06-26 13:59:59'),
(17, 15, 7, 2, 662.19, '2019-06-26 13:59:59', '2019-06-26 13:59:59'),
(18, 8, 5, 2, 560.59, '2019-06-26 13:59:59', '2019-06-26 13:59:59'),
(19, 19, 3, 3, 559.12, '2019-06-26 13:59:59', '2019-06-26 13:59:59'),
(20, 11, 9, 1, 779.92, '2019-06-26 13:59:59', '2019-06-26 13:59:59'),
(21, 1, 6, 2, 744.48, '2019-06-26 13:59:59', '2019-06-26 13:59:59'),
(22, 15, 2, 1, 560.25, '2019-06-26 13:59:59', '2019-06-26 13:59:59'),
(23, 15, 4, 1, 696.08, '2019-06-26 13:59:59', '2019-06-26 13:59:59'),
(24, 13, 7, 1, 512.56, '2019-06-26 13:59:59', '2019-06-26 13:59:59'),
(25, 10, 8, 1, 769.68, '2019-06-26 13:59:59', '2019-06-26 13:59:59'),
(26, 16, 1, 1, 778.76, '2019-06-26 13:59:59', '2019-06-26 13:59:59'),
(27, 11, 4, 2, 776.01, '2019-06-26 13:59:59', '2019-06-26 13:59:59'),
(28, 14, 8, 3, 622.75, '2019-06-26 13:59:59', '2019-06-26 13:59:59'),
(29, 9, 8, 1, 521.86, '2019-06-26 13:59:59', '2019-06-26 13:59:59'),
(30, 17, 10, 1, 674.49, '2019-06-26 13:59:59', '2019-06-26 13:59:59'),
(31, 19, 9, 1, 783.14, '2019-06-26 13:59:59', '2019-06-26 13:59:59'),
(32, 16, 3, 1, 636.72, '2019-06-26 13:59:59', '2019-06-26 13:59:59'),
(33, 18, 1, 1, 644.98, '2019-06-26 14:00:00', '2019-06-26 14:00:00'),
(34, 17, 6, 1, 514.1, '2019-06-26 14:00:00', '2019-06-26 14:00:00'),
(35, 7, 6, 3, 717.68, '2019-06-26 14:00:00', '2019-06-26 14:00:00'),
(36, 2, 2, 3, 712.89, '2019-06-26 14:00:00', '2019-06-26 14:00:00'),
(37, 17, 3, 1, 768.15, '2019-06-26 14:00:00', '2019-06-26 14:00:00'),
(38, 10, 6, 1, 757.05, '2019-06-26 14:00:00', '2019-06-26 14:00:00'),
(39, 15, 3, 2, 552.01, '2019-06-26 14:00:00', '2019-06-26 14:00:00'),
(40, 19, 7, 1, 500.09, '2019-06-26 14:00:00', '2019-06-26 14:00:00'),
(41, 11, 3, 2, 509.62, '2019-06-26 14:00:00', '2019-06-26 14:00:00'),
(42, 6, 8, 1, 667.45, '2019-06-26 14:00:00', '2019-06-26 14:00:00'),
(43, 8, 2, 3, 633.68, '2019-06-26 14:00:00', '2019-06-26 14:00:00'),
(44, 9, 5, 1, 572.69, '2019-06-26 14:00:00', '2019-06-26 14:00:00'),
(45, 17, 3, 2, 712.74, '2019-06-26 14:00:00', '2019-06-26 14:00:00'),
(46, 5, 9, 1, 754.27, '2019-06-26 14:00:01', '2019-06-26 14:00:01'),
(47, 15, 9, 1, 798, '2019-06-26 14:00:01', '2019-06-26 14:00:01'),
(48, 1, 1, 1, 581.41, '2019-06-26 14:00:01', '2019-06-26 14:00:01'),
(49, 3, 2, 3, 550.41, '2019-06-26 14:00:01', '2019-06-26 14:00:01'),
(50, 19, 2, 1, 637.04, '2019-06-26 14:00:01', '2019-06-26 14:00:01'),
(51, 7, 4, 2, 758.75, '2019-06-26 14:00:01', '2019-06-26 14:00:01'),
(52, 19, 10, 2, 537.61, '2019-06-26 14:00:01', '2019-06-26 14:00:01'),
(53, 1, 9, 2, 671.21, '2019-06-26 14:00:01', '2019-06-26 14:00:01'),
(54, 14, 7, 2, 757.22, '2019-06-26 14:00:01', '2019-06-26 14:00:01'),
(55, 15, 1, 1, 785.14, '2019-06-26 14:00:02', '2019-06-26 14:00:02'),
(56, 6, 3, 1, 542.49, '2019-06-26 14:00:02', '2019-06-26 14:00:02'),
(57, 17, 5, 2, 597.35, '2019-06-26 14:00:02', '2019-06-26 14:00:02'),
(58, 16, 9, 2, 669.08, '2019-06-26 14:00:02', '2019-06-26 14:00:02'),
(59, 17, 3, 3, 569.95, '2019-06-26 14:00:02', '2019-06-26 14:00:02'),
(60, 17, 9, 1, 638.43, '2019-06-26 14:00:02', '2019-06-26 14:00:02'),
(61, 15, 8, 3, 754.43, '2019-06-26 14:00:02', '2019-06-26 14:00:02'),
(62, 1, 3, 3, 756.23, '2019-06-26 14:00:02', '2019-06-26 14:00:02'),
(63, 15, 2, 2, 502.55, '2019-06-26 14:00:02', '2019-06-26 14:00:02'),
(64, 18, 9, 1, 514.82, '2019-06-26 14:00:02', '2019-06-26 14:00:02'),
(65, 9, 8, 2, 625.76, '2019-06-26 14:00:02', '2019-06-26 14:00:02'),
(66, 17, 2, 1, 724.4, '2019-06-26 14:00:03', '2019-06-26 14:00:03'),
(67, 2, 5, 1, 572.13, '2019-06-26 14:00:03', '2019-06-26 14:00:03'),
(68, 6, 1, 3, 691.47, '2019-06-26 14:00:03', '2019-06-26 14:00:03'),
(69, 3, 4, 1, 653.08, '2019-06-26 14:00:03', '2019-06-26 14:00:03'),
(70, 5, 3, 3, 757.64, '2019-06-26 14:00:03', '2019-06-26 14:00:03'),
(71, 13, 1, 2, 548.23, '2019-06-26 14:00:03', '2019-06-26 14:00:03'),
(72, 16, 3, 3, 507.46, '2019-06-26 14:00:03', '2019-06-26 14:00:03'),
(73, 3, 4, 3, 721.35, '2019-06-26 14:00:03', '2019-06-26 14:00:03'),
(74, 2, 9, 3, 703.54, '2019-06-26 14:00:03', '2019-06-26 14:00:03'),
(75, 6, 5, 3, 558.27, '2019-06-26 14:00:03', '2019-06-26 14:00:03'),
(76, 18, 9, 3, 778.39, '2019-06-26 14:00:03', '2019-06-26 14:00:03'),
(77, 4, 1, 3, 621.14, '2019-06-26 14:00:03', '2019-06-26 14:00:03'),
(78, 8, 4, 1, 532, '2019-06-26 14:00:03', '2019-06-26 14:00:03'),
(79, 2, 1, 3, 610.41, '2019-06-26 14:00:03', '2019-06-26 14:00:03'),
(80, 6, 8, 2, 731.35, '2019-06-26 14:00:04', '2019-06-26 14:00:04'),
(81, 11, 3, 2, 771.44, '2019-06-26 14:00:04', '2019-06-26 14:00:04'),
(82, 11, 2, 3, 742.13, '2019-06-26 14:00:04', '2019-06-26 14:00:04'),
(83, 6, 4, 1, 718.49, '2019-06-26 14:00:04', '2019-06-26 14:00:04'),
(84, 8, 5, 1, 752.28, '2019-06-26 14:00:04', '2019-06-26 14:00:04'),
(85, 14, 4, 1, 765.17, '2019-06-26 14:00:04', '2019-06-26 14:00:04'),
(86, 19, 7, 2, 765.17, '2019-06-26 14:00:05', '2019-06-26 14:00:05'),
(87, 2, 9, 2, 525.95, '2019-06-26 14:00:05', '2019-06-26 14:00:05'),
(88, 8, 7, 3, 554.6, '2019-06-26 14:00:05', '2019-06-26 14:00:05'),
(89, 12, 6, 2, 575.32, '2019-06-26 14:00:05', '2019-06-26 14:00:05'),
(90, 4, 7, 2, 572.08, '2019-06-26 14:00:05', '2019-06-26 14:00:05');

-- --------------------------------------------------------

--
-- Table structure for table `password_resets`
--

CREATE TABLE `password_resets` (
  `email` varchar(191) COLLATE utf8mb4_unicode_ci NOT NULL,
  `token` varchar(191) COLLATE utf8mb4_unicode_ci NOT NULL,
  `created_at` timestamp NULL DEFAULT NULL
) ENGINE=InnoDB DEFAULT CHARSET=utf8mb4 COLLATE=utf8mb4_unicode_ci;

-- --------------------------------------------------------

--
-- Table structure for table `products`
--

CREATE TABLE `products` (
  `id` bigint(20) UNSIGNED NOT NULL,
  `name` varchar(191) COLLATE utf8mb4_unicode_ci NOT NULL,
  `detail` text COLLATE utf8mb4_unicode_ci NOT NULL,
  `price` double NOT NULL,
  `stock` int(11) NOT NULL,
  `discount` double NOT NULL,
  `created_at` timestamp NULL DEFAULT NULL,
  `updated_at` timestamp NULL DEFAULT NULL
) ENGINE=InnoDB DEFAULT CHARSET=utf8mb4 COLLATE=utf8mb4_unicode_ci;

--
-- Dumping data for table `products`
--

INSERT INTO `products` (`id`, `name`, `detail`, `price`, `stock`, `discount`, `created_at`, `updated_at`) VALUES
(1, 'explicabo', 'Dolore sint minima dolor voluptatem ullam inventore. Ut reiciendis non rerum unde impedit enim. Sit iusto eveniet quibusdam dolor.', 108.18, 5, 10, '2019-06-26 13:59:21', '2019-06-26 13:59:21'),
(2, 'perspiciatis', 'Maxime nisi voluptatem iusto assumenda commodi culpa. Ad doloribus itaque rem incidunt ducimus omnis. Rem maiores recusandae consectetur. Quaerat et dolor repellendus cupiditate et rem et.', 641.88, 5, 4, '2019-06-26 13:59:22', '2019-06-26 13:59:22'),
(3, 'nihil', 'Magnam minus et nostrum beatae exercitationem eos facere. Aliquid sed officia temporibus eaque nihil nulla rerum. Quia a repudiandae aspernatur doloribus mollitia.', 226.08, 2, 28, '2019-06-26 13:59:22', '2019-06-26 13:59:22'),
(4, 'harum', 'Dolor accusantium voluptatem accusamus debitis. Earum labore ad voluptatum nesciunt. Deserunt vero mollitia aut ad culpa. Ipsam asperiores et tenetur maxime ipsum necessitatibus qui. Minus nesciunt error accusantium sint.', 622.28, 5, 28, '2019-06-26 13:59:22', '2019-06-26 13:59:22'),
(5, 'veritatis', 'Optio alias eligendi ex explicabo. Sunt nihil voluptas porro suscipit repudiandae tempore nesciunt vero.', 193.44, 5, 20, '2019-06-26 13:59:22', '2019-06-26 13:59:22'),
(6, 'iure', 'Cupiditate qui repudiandae amet. Eum doloribus officiis occaecati architecto iusto. Ipsum ratione neque voluptatem eligendi molestias.', 108.02, 8, 22, '2019-06-26 13:59:22', '2019-06-26 13:59:22'),
(7, 'aut', 'Id beatae ut sed dolores quisquam ea. Nesciunt aut iure tempore id consequatur sunt animi nesciunt. Perferendis quia et quis saepe quis perferendis ab. Est rem corporis explicabo voluptatibus.', 307.08, 3, 26, '2019-06-26 13:59:22', '2019-06-26 13:59:22'),
(8, 'aliquam', 'Occaecati praesentium qui libero est quas nemo cupiditate ut. Aperiam est excepturi aliquam hic sapiente repellat error in. Dicta ex quisquam fugiat sit cupiditate occaecati. Eius nobis debitis velit et.', 653.08, 8, 26, '2019-06-26 13:59:22', '2019-06-26 13:59:22'),
(9, 'sit', 'Id ab sit et aperiam. Ut sint neque minus recusandae ea quisquam. Atque qui provident quas provident quis. Nam et dolores voluptas sed id est illo. Porro voluptas repudiandae qui esse adipisci dolorum.', 331.73, 1, 22, '2019-06-26 13:59:22', '2019-06-26 13:59:22'),
(10, 'quod', 'Et qui eius quisquam doloribus quo est laborum voluptas. Natus nesciunt libero sit delectus rerum beatae sunt. Veritatis ipsam excepturi ad rem unde asperiores.', 957.67, 8, 5, '2019-06-26 13:59:22', '2019-06-26 13:59:22');

-- --------------------------------------------------------

--
-- Table structure for table `reviews`
--

CREATE TABLE `reviews` (
  `id` bigint(20) UNSIGNED NOT NULL,
  `product_id` bigint(20) UNSIGNED NOT NULL,
  `customer` varchar(191) COLLATE utf8mb4_unicode_ci NOT NULL,
  `review` text COLLATE utf8mb4_unicode_ci NOT NULL,
  `star` int(11) NOT NULL,
  `created_at` timestamp NULL DEFAULT NULL,
  `updated_at` timestamp NULL DEFAULT NULL
) ENGINE=InnoDB DEFAULT CHARSET=utf8mb4 COLLATE=utf8mb4_unicode_ci;

--
-- Dumping data for table `reviews`
--

INSERT INTO `reviews` (`id`, `product_id`, `customer`, `review`, `star`, `created_at`, `updated_at`) VALUES
(1, 3, 'Prof. Savion Corkery', 'Voluptatem repudiandae a dolor ut perspiciatis in molestiae. Et voluptas magni est accusamus eum cumque consectetur.', 5, '2019-06-26 13:59:23', '2019-06-26 13:59:23'),
(2, 9, 'Vance Beier', 'Debitis sit pariatur veniam assumenda voluptatem. Perspiciatis accusamus quidem neque ipsa modi aspernatur soluta nihil. Asperiores est error dolorum.', 4, '2019-06-26 13:59:24', '2019-06-26 13:59:24'),
(3, 6, 'Dr. Haven Rau', 'Consequatur itaque eaque saepe asperiores porro. Cumque vel unde architecto et cum et perspiciatis. Et ipsam et quia repellat sit. Aliquam delectus optio quisquam quo.', 4, '2019-06-26 13:59:24', '2019-06-26 13:59:24'),
(4, 2, 'Trever Rolfson', 'Illum at quibusdam ab quas aut. Non quia quos eos ut. Recusandae debitis dolores beatae fugit reprehenderit. Nisi sequi labore natus ut nemo est.', 5, '2019-06-26 13:59:24', '2019-06-26 13:59:24'),
(5, 9, 'Creola Conn', 'Aperiam sequi aut et temporibus laborum rem. Quisquam et atque corporis impedit aliquid. In et sit velit quisquam dolore aperiam repudiandae.', 2, '2019-06-26 13:59:24', '2019-06-26 13:59:24'),
(6, 6, 'Litzy Runolfsson', 'Perspiciatis corrupti eveniet eum esse. Perferendis quas possimus aliquam minima aliquam sapiente velit. Facere unde vel perferendis corrupti quam consequuntur qui. Quo voluptates ut impedit repellat voluptatem et.', 3, '2019-06-26 13:59:24', '2019-06-26 13:59:24'),
(7, 8, 'Prof. Kariane Ryan III', 'Voluptatem qui qui explicabo ut voluptatem quam. Et temporibus quia cum quibusdam at. Rerum reiciendis hic similique optio ipsa incidunt.', 3, '2019-06-26 13:59:24', '2019-06-26 13:59:24'),
(8, 2, 'Karlee Johnston', 'Cupiditate et vel dignissimos quia. Aut deleniti qui doloremque ut. Mollitia ullam corporis fugit in ea soluta ut.', 5, '2019-06-26 13:59:24', '2019-06-26 13:59:24'),
(9, 1, 'Shawna Schmitt', 'Iusto ratione perferendis occaecati qui commodi omnis. Dicta deleniti recusandae architecto nihil voluptas vel quibusdam exercitationem. Alias dolore doloremque consequatur ad.', 2, '2019-06-26 13:59:24', '2019-06-26 13:59:24'),
(10, 3, 'Leilani O\'Connell', 'Aut fuga molestias et atque. Nobis quos quibusdam ea eveniet eos omnis qui.', 1, '2019-06-26 13:59:24', '2019-06-26 13:59:24'),
(11, 6, 'Ally Koss', 'Accusamus corporis recusandae et. Maxime tempora dolores numquam tenetur velit. Et ut nisi exercitationem facilis accusamus.', 0, '2019-06-26 13:59:24', '2019-06-26 13:59:24'),
(12, 7, 'Monte McDermott', 'Rerum tempore recusandae fuga totam. Soluta assumenda rem sunt laborum accusantium similique. Quidem alias voluptas eaque doloribus voluptates. Dignissimos rem voluptatem deleniti.', 2, '2019-06-26 13:59:24', '2019-06-26 13:59:24'),
(13, 8, 'Miss Hassie Gottlieb Sr.', 'Accusamus consequatur distinctio eos iste commodi. Et aut non sed et aut molestiae. Nam beatae et modi nihil.', 4, '2019-06-26 13:59:24', '2019-06-26 13:59:24'),
(14, 4, 'Luther Glover', 'Ullam nostrum animi et necessitatibus sit. Dicta repellat assumenda dicta sequi temporibus. In nulla repudiandae et molestiae aspernatur.', 4, '2019-06-26 13:59:24', '2019-06-26 13:59:24'),
(15, 3, 'Sebastian Rau', 'Enim itaque sed placeat quas. Nostrum eius animi dolore dolor et quaerat ad et. Illo reiciendis perferendis dicta consectetur. Nobis iure sapiente laudantium nam labore rerum est sit.', 2, '2019-06-26 13:59:24', '2019-06-26 13:59:24'),
(16, 4, 'Prof. Frances Kuhn', 'Ut quo ut similique pariatur quos eligendi maiores. Dolor adipisci nesciunt quisquam cupiditate nemo deserunt. Velit et repellat adipisci et dolor. Amet quas et veniam facilis maiores occaecati. Est dolorem est et ratione est quasi aspernatur in.', 4, '2019-06-26 13:59:24', '2019-06-26 13:59:24'),
(17, 3, 'Shawn Bosco', 'Blanditiis et eaque dolorem sed. Nobis autem recusandae a inventore reprehenderit quia ducimus ut. Rerum corrupti eum atque ut ea consequatur eum. Accusantium reprehenderit dolorem culpa cupiditate optio quo.', 5, '2019-06-26 13:59:24', '2019-06-26 13:59:24'),
(18, 4, 'Mrs. Reta McLaughlin', 'Aperiam velit est dolores quo. Id et dolores ad ut. Animi illum quas illum voluptas alias ea.', 2, '2019-06-26 13:59:25', '2019-06-26 13:59:25'),
(19, 4, 'Helene Gulgowski DVM', 'Dolor inventore ea autem qui. Quidem sed consectetur voluptas voluptas incidunt.', 3, '2019-06-26 13:59:25', '2019-06-26 13:59:25'),
(20, 8, 'Eulah O\'Hara I', 'Culpa asperiores numquam eum adipisci reiciendis dolorem aut. Nesciunt omnis voluptatem deserunt quo. Id minima at quas rem rerum quos architecto veniam. Sed omnis vel rerum atque iure officiis aut.', 4, '2019-06-26 13:59:25', '2019-06-26 13:59:25'),
(21, 4, 'Alexie Windler', 'Dolores voluptatem eaque repudiandae reiciendis voluptatum. Maxime error placeat eos. Eos omnis et illo et nostrum vel sint.', 4, '2019-06-26 13:59:25', '2019-06-26 13:59:25'),
(22, 4, 'Dr. Maymie Will', 'Aliquam vel iusto veniam doloribus odit tempore eum. Est doloremque maiores veritatis delectus hic quae. Recusandae dolor aliquid sit voluptas facere repellat est. Non rerum ipsam magnam minima.', 1, '2019-06-26 13:59:25', '2019-06-26 13:59:25'),
(23, 7, 'Alexys Bergnaum IV', 'Iure corporis numquam eaque molestiae. Molestiae repudiandae fugit autem aut. Atque aut nulla beatae est consequuntur cum.', 4, '2019-06-26 13:59:25', '2019-06-26 13:59:25'),
(24, 2, 'Prof. Albin Kuphal', 'Magni et molestias voluptatibus quia debitis dolorem. Molestias minus voluptatum libero tenetur omnis vel qui. Rerum corrupti quia architecto nisi animi assumenda. Vel molestias dolor in perspiciatis.', 4, '2019-06-26 13:59:25', '2019-06-26 13:59:25'),
(25, 4, 'Isidro Kreiger', 'Dolores est iure ipsam at deserunt facilis. Molestiae pariatur id hic nobis molestias autem. Quam doloribus iure quasi molestiae consequatur sunt.', 5, '2019-06-26 13:59:25', '2019-06-26 13:59:25'),
(26, 5, 'Halle Koelpin', 'Aliquam sed vero provident veniam repudiandae voluptatem. Voluptates optio quis quo velit ea sit illo quos. Quasi dicta quas est et.', 3, '2019-06-26 13:59:25', '2019-06-26 13:59:25'),
(27, 7, 'Miss Orpha Wilderman IV', 'Fuga dolorem et molestiae assumenda. Quis enim et omnis ut. Aliquam sit iusto veritatis omnis maiores sint maiores. Neque iste corporis sit a.', 5, '2019-06-26 13:59:25', '2019-06-26 13:59:25'),
(28, 6, 'Roger Haley', 'Dolorum eligendi quia qui quisquam fugiat. Provident autem odio voluptas aut perferendis iusto eos. Omnis sed voluptas iure. Repudiandae quia nemo ducimus et vel omnis.', 0, '2019-06-26 13:59:25', '2019-06-26 13:59:25'),
(29, 6, 'Holly Hauck', 'Error natus dignissimos sapiente eum impedit. Harum qui minus pariatur optio libero. Veritatis qui laudantium adipisci numquam repudiandae. Sed molestiae asperiores dolor reiciendis dolores blanditiis vel.', 4, '2019-06-26 13:59:25', '2019-06-26 13:59:25'),
(30, 9, 'Lula Kunde', 'Natus cum atque quia. Sint nihil minima qui eaque veritatis repellendus. Saepe neque assumenda vero quisquam aperiam ut. Repellat dicta soluta molestiae et quo corrupti.', 3, '2019-06-26 13:59:25', '2019-06-26 13:59:25'),
(31, 10, 'Sonny Gerlach', 'Ipsum ad quia ducimus. Consequatur vel fugit temporibus sunt asperiores cum et vel. Autem assumenda magni id fuga quo.', 4, '2019-06-26 13:59:25', '2019-06-26 13:59:25'),
(32, 8, 'Akeem Wiegand', 'Aut deserunt laborum distinctio et. Et numquam fuga qui molestiae cupiditate deserunt sed.', 3, '2019-06-26 13:59:25', '2019-06-26 13:59:25'),
(33, 2, 'Dr. Waldo Gerlach I', 'Sit ipsa tenetur reprehenderit voluptas. Omnis architecto vel nobis pariatur autem ut. Hic adipisci et consequatur quas rerum earum.', 3, '2019-06-26 13:59:26', '2019-06-26 13:59:26'),
(34, 3, 'Dena Gislason', 'Cupiditate perferendis veniam voluptatem eaque aut dolor sed. Sint incidunt doloribus iure quas. Dolores laudantium iure deserunt similique quia.', 1, '2019-06-26 13:59:26', '2019-06-26 13:59:26'),
(35, 8, 'Prof. Neil Keeling DDS', 'Nesciunt amet et quisquam nisi velit. Numquam sit hic eum ut hic voluptatibus facere. Modi molestias accusantium eos qui maxime et qui. Dolorum et aut rerum nam facilis.', 0, '2019-06-26 13:59:26', '2019-06-26 13:59:26'),
(36, 5, 'Moshe Aufderhar', 'Commodi facilis omnis pariatur eaque eum. Sint repudiandae voluptatum animi aut ipsa est occaecati. Reprehenderit modi esse odio nam ut numquam et.', 2, '2019-06-26 13:59:26', '2019-06-26 13:59:26'),
(37, 8, 'Adelia Larson Jr.', 'Et cumque quaerat amet dolore fugit reiciendis fugit officia. Assumenda repellat rem veniam distinctio. Commodi autem nisi nam praesentium autem.', 1, '2019-06-26 13:59:26', '2019-06-26 13:59:26'),
(38, 5, 'Ellsworth Kessler', 'Minus fuga deleniti et ut et est dolores sed. Distinctio tenetur nulla qui qui reiciendis aliquam occaecati. Omnis ipsum nam non officia necessitatibus maxime saepe. Hic eligendi perferendis sint dolor vel debitis.', 4, '2019-06-26 13:59:26', '2019-06-26 13:59:26'),
(39, 8, 'Sonny Mann', 'Vel quo velit laudantium. Delectus nisi voluptatem saepe cum et earum. Odit odio maiores vitae officia quas voluptatem quis. Dolor molestiae quis debitis ea pariatur aspernatur voluptatem eveniet.', 1, '2019-06-26 13:59:26', '2019-06-26 13:59:26'),
(40, 9, 'Prof. Guy Heidenreich PhD', 'Numquam fugit nostrum ipsum natus facere doloremque. Illum aut quo a sunt et distinctio. Autem dolorem iste adipisci beatae. Et sit id est voluptas.', 4, '2019-06-26 13:59:26', '2019-06-26 13:59:26'),
(41, 7, 'Ford Connelly', 'Animi vel corporis blanditiis quam sit. Itaque in autem qui est voluptates in. Dicta quam facere praesentium quis iure vel rerum totam. Culpa earum repellat soluta eligendi.', 5, '2019-06-26 13:59:26', '2019-06-26 13:59:26'),
(42, 6, 'Darrell Quigley', 'Error autem vitae accusantium debitis consectetur. Id in ullam aut et vel dolor. Qui ut itaque nisi tempore.', 2, '2019-06-26 13:59:26', '2019-06-26 13:59:26'),
(43, 10, 'Kenton Lind', 'Aut cumque enim assumenda provident eum doloribus. Minima aut dolorem voluptatem eum. Nihil enim saepe non voluptatem a omnis. Et qui beatae et magni commodi. Id dolor sequi ducimus.', 3, '2019-06-26 13:59:26', '2019-06-26 13:59:26'),
(44, 7, 'Brycen Schmeler', 'Sed sed voluptas ut. Fuga atque dicta itaque porro ut ipsa tempora. Eaque rerum in unde reprehenderit. Aut sunt occaecati culpa dolor pariatur.', 4, '2019-06-26 13:59:26', '2019-06-26 13:59:26'),
(45, 1, 'Boris Dach', 'Ut excepturi maiores autem ipsa eaque qui. Architecto praesentium a et quos ut. Id ipsam quisquam est qui vitae quis consequatur nam. Totam quod dolore ex et voluptas odio aut.', 0, '2019-06-26 13:59:26', '2019-06-26 13:59:26'),
(46, 6, 'Cecilia Hermiston', 'Et fuga sapiente qui delectus. Voluptatem repudiandae et ipsum quo et minima. Quo qui et temporibus.', 2, '2019-06-26 13:59:26', '2019-06-26 13:59:26'),
(47, 2, 'Elsie Schulist', 'Ut et explicabo voluptas tempore deleniti. Non excepturi quis magnam est dolores eaque. Sunt quod explicabo est velit voluptas sit. Aut culpa eius pariatur provident et rem sit.', 0, '2019-06-26 13:59:26', '2019-06-26 13:59:26'),
(48, 3, 'Carley Adams', 'Doloremque aut ut tenetur accusamus dolores. Ea omnis perspiciatis perspiciatis officia. Non id eius itaque quis. Cumque quaerat veritatis magni tempore magnam fugiat. Et similique nemo iure dolores laboriosam.', 4, '2019-06-26 13:59:26', '2019-06-26 13:59:26'),
(49, 8, 'Hunter Ritchie', 'Quidem dolor quisquam magnam at omnis asperiores accusamus ut. Dicta et assumenda voluptatum reiciendis omnis. Aperiam nihil nemo rem est. Eius distinctio cupiditate quo sed qui enim dolores.', 3, '2019-06-26 13:59:26', '2019-06-26 13:59:26'),
(50, 9, 'Cleve Streich', 'Molestias illum voluptas est eaque debitis architecto animi. Dolorem omnis ea reprehenderit quia. Tenetur aliquam a odit ipsa aspernatur doloribus earum. Minus aut quam debitis dignissimos.', 3, '2019-06-26 13:59:26', '2019-06-26 13:59:26'),
(51, 9, 'Bertram Rau', 'Sed deleniti enim dolores error voluptatem. Maxime odio provident ex. Accusantium facilis dolorem voluptas assumenda error enim quis voluptatibus.', 5, '2019-06-26 13:59:26', '2019-06-26 13:59:26'),
(52, 6, 'Kyle Marks V', 'Asperiores optio deleniti omnis ab nemo eum ut. Ducimus odio porro qui est corrupti illo rerum. Qui numquam qui officiis eum.', 4, '2019-06-26 13:59:26', '2019-06-26 13:59:26'),
(53, 9, 'Giovanny Kirlin', 'Qui qui hic sit debitis ex. Unde eum doloribus aut. Incidunt voluptate velit itaque quaerat corporis. Et eum voluptas laudantium perferendis ex.', 3, '2019-06-26 13:59:26', '2019-06-26 13:59:26'),
(54, 8, 'Dr. Liam Legros V', 'Porro dolorum sequi commodi quos. Sequi non quae laudantium. Tempore ab iusto odit fuga sunt sint. Veritatis facilis quaerat sunt sapiente illum.', 5, '2019-06-26 13:59:27', '2019-06-26 13:59:27'),
(55, 3, 'Ernestina O\'Connell DDS', 'Cumque sequi ea facilis et eaque. Adipisci harum hic qui culpa. Sequi reiciendis est et assumenda.', 1, '2019-06-26 13:59:27', '2019-06-26 13:59:27'),
(56, 10, 'Eliseo Erdman', 'Consequuntur eaque omnis porro aut culpa architecto totam. Et quidem voluptatem voluptas exercitationem autem exercitationem. Quia aut eum alias velit consequatur.', 4, '2019-06-26 13:59:27', '2019-06-26 13:59:27'),
(57, 3, 'Axel Ziemann', 'Itaque corporis ab nesciunt hic quia. Doloremque quos neque nulla quod ut. Enim repellendus consequuntur eaque ipsam harum sapiente rerum quo. Ipsum dolores assumenda optio at culpa.', 5, '2019-06-26 13:59:27', '2019-06-26 13:59:27'),
(58, 4, 'Anita Crona', 'Ut dolore dolorem aspernatur adipisci ipsum consequuntur facere. Omnis ab aperiam consectetur minus ex repudiandae dicta.', 3, '2019-06-26 13:59:27', '2019-06-26 13:59:27'),
(59, 10, 'Ms. Stephany Rice', 'Ipsam unde perferendis facilis sed ratione odio harum quas. Beatae quia fugit et dolor omnis. Et corrupti id dolorum cupiditate placeat reprehenderit magnam. Dolorum modi minima eos ipsa ex voluptatem porro.', 1, '2019-06-26 13:59:27', '2019-06-26 13:59:27'),
(60, 2, 'Kirk Nader', 'Et eum et corrupti porro facere voluptatem. Ut ullam ut ut delectus vel reiciendis temporibus. Dolore vitae minus cupiditate adipisci aut.', 5, '2019-06-26 13:59:27', '2019-06-26 13:59:27'),
(61, 7, 'Nick Jenkins MD', 'Accusantium qui fuga laboriosam id sed natus mollitia quis. Eum ad nemo dicta itaque voluptatem voluptas error qui. Earum officiis debitis molestiae maiores optio et et velit.', 3, '2019-06-26 13:59:27', '2019-06-26 13:59:27'),
(62, 7, 'Miss Hosea Torp IV', 'Rerum quos vel magni consectetur eos quo. Ea rem autem magni molestias aut. Deleniti consequuntur soluta libero odit sit aut.', 3, '2019-06-26 13:59:27', '2019-06-26 13:59:27'),
(63, 10, 'Ayana Thompson', 'Nobis quos sequi doloremque et voluptatem autem iure qui. Voluptates ut illo sint reprehenderit voluptas eos quis. Consectetur blanditiis iure impedit aperiam. Ullam quas expedita quo nihil ipsam harum beatae.', 0, '2019-06-26 13:59:27', '2019-06-26 13:59:27'),
(64, 3, 'Leonie Paucek', 'Deleniti sunt dolores perferendis quidem et a officia eos. Soluta quaerat quia optio quaerat. Commodi ullam ipsam facilis consequuntur.', 3, '2019-06-26 13:59:27', '2019-06-26 13:59:27'),
(65, 6, 'Ms. Estella McCullough', 'Asperiores quaerat quo voluptatem fugiat quas eum mollitia. Est unde molestiae qui consequuntur est rem et consequatur. Veniam eius dolorem ea sed quae nihil. Ducimus quibusdam quia explicabo et.', 3, '2019-06-26 13:59:27', '2019-06-26 13:59:27'),
(66, 5, 'Dr. Demarcus Johnson', 'Perferendis quidem dolores itaque id id. Delectus voluptates provident non quidem aliquam. Ut veniam possimus ducimus quisquam sed. Et inventore aspernatur distinctio impedit accusamus consequatur qui.', 3, '2019-06-26 13:59:27', '2019-06-26 13:59:27'),
(67, 4, 'Prof. Juwan Weissnat', 'Culpa omnis dicta cupiditate. Labore quis corrupti natus id ducimus repudiandae. Labore enim aliquam explicabo voluptas magnam. Suscipit et dolorum nisi unde quidem ea qui.', 3, '2019-06-26 13:59:27', '2019-06-26 13:59:27'),
(68, 9, 'Nikita Mante', 'Enim placeat quod iste aut amet odio. Debitis cupiditate doloribus et labore quia repellat dolorem.', 1, '2019-06-26 13:59:27', '2019-06-26 13:59:27'),
(69, 1, 'Jessy Quitzon', 'Provident omnis molestiae veniam necessitatibus provident veniam similique. Culpa velit quia odit et voluptas quia. Animi aut voluptas qui magni.', 4, '2019-06-26 13:59:27', '2019-06-26 13:59:27'),
(70, 5, 'Sandrine Little', 'Et libero delectus voluptatem voluptatum sequi expedita modi. Dolorem mollitia at architecto autem nam assumenda ea sed. Sint beatae ducimus rerum in. Commodi accusamus nisi ab.', 4, '2019-06-26 13:59:28', '2019-06-26 13:59:28'),
(71, 2, 'Myrtice Labadie', 'Quia totam veritatis beatae molestias voluptatem. Consequuntur voluptatem recusandae velit reiciendis impedit. Quia omnis alias molestiae quis necessitatibus aut dolor.', 3, '2019-06-26 13:59:28', '2019-06-26 13:59:28'),
(72, 2, 'Giles Roob DVM', 'Ipsa enim eius tempore ad ea. Distinctio non et facilis et. Rerum voluptatem consequatur sunt illum delectus soluta. Sit aut quos voluptatem rerum impedit rerum tempora.', 1, '2019-06-26 13:59:28', '2019-06-26 13:59:28'),
(73, 10, 'Eula VonRueden', 'Eum fugit consequatur ut et corrupti. Quidem excepturi nesciunt ipsa perspiciatis ut nostrum in. Aut est consectetur doloribus. Mollitia neque omnis omnis pariatur.', 1, '2019-06-26 13:59:28', '2019-06-26 13:59:28'),
(74, 2, 'Garland Hilpert', 'Sapiente nesciunt earum dolor beatae. Amet deserunt ipsa labore pariatur fugiat labore reiciendis aut. Deserunt aut dolorem expedita tempora velit. Earum a corporis aut molestias quo.', 4, '2019-06-26 13:59:28', '2019-06-26 13:59:28'),
(75, 9, 'Micah Kohler', 'Aut dolorum aliquam deleniti debitis itaque ut. Eos tenetur id illo sunt qui sed. Rerum hic voluptas officia molestiae qui eveniet mollitia.', 3, '2019-06-26 13:59:28', '2019-06-26 13:59:28'),
(76, 3, 'Deborah Rolfson', 'Hic molestiae omnis dolores quo ad sapiente. Eaque maxime molestias non. Et aut distinctio labore. Eum illo eius nisi magnam.', 2, '2019-06-26 13:59:28', '2019-06-26 13:59:28'),
(77, 6, 'Prof. Caden Harber', 'Vel est quod ea est et est. Accusamus dolorem voluptatem impedit ab. Nihil inventore dignissimos quisquam illo qui. Odio similique aliquid distinctio sed.', 4, '2019-06-26 13:59:28', '2019-06-26 13:59:28'),
(78, 8, 'Earnestine Grimes', 'Quos vitae at incidunt corrupti ut odit. Praesentium necessitatibus voluptatem eveniet ex. Quibusdam dolor ut animi architecto rerum. Numquam odio nostrum dolor ut qui necessitatibus.', 1, '2019-06-26 13:59:28', '2019-06-26 13:59:28'),
(79, 6, 'Prof. Robb Rutherford', 'Molestiae et tempora aut. Cupiditate sed ea voluptatum facilis. Est omnis est ipsum nam est cum. Praesentium iure pariatur maiores ut impedit dolore. Eum ut sit in et.', 5, '2019-06-26 13:59:28', '2019-06-26 13:59:28'),
(80, 5, 'Dale Tremblay', 'Quis occaecati animi eaque reiciendis. Quam itaque mollitia sit animi inventore. Et quod quod minus perspiciatis in.', 3, '2019-06-26 13:59:28', '2019-06-26 13:59:28'),
(81, 3, 'Tiffany Schmeler', 'Ipsam saepe libero eveniet natus. Exercitationem quae tempore nam libero nemo officia. Explicabo ut quasi ipsa quasi magnam. Rem asperiores architecto sapiente est distinctio.', 1, '2019-06-26 13:59:28', '2019-06-26 13:59:28'),
(82, 6, 'Prof. Lauretta Schuster', 'Perferendis voluptatem labore hic est. Voluptas voluptas quidem sed quo incidunt voluptate. Adipisci rem est velit qui. Sunt corrupti et perferendis itaque aut non. Voluptatum reiciendis neque odit exercitationem.', 5, '2019-06-26 13:59:28', '2019-06-26 13:59:28'),
(83, 9, 'Danika Glover', 'Animi non iure inventore sunt pariatur sed id. Voluptas vero molestiae qui earum labore quo. Qui tempora eius beatae repellat voluptate. Eveniet asperiores et minus sed et laudantium qui est.', 3, '2019-06-26 13:59:28', '2019-06-26 13:59:28'),
(84, 3, 'Makenna Lebsack', 'Est consectetur illum beatae accusamus. Consectetur aut vero nihil magni. Repudiandae nam suscipit qui voluptatum nihil cum. Ex et provident dolorum.', 1, '2019-06-26 13:59:28', '2019-06-26 13:59:28'),
(85, 4, 'Trevion Hessel MD', 'Quam dolores reprehenderit voluptas quis delectus. Unde libero et ut est et. Magni perspiciatis sunt dolorem fuga. Rerum eos perspiciatis provident.', 4, '2019-06-26 13:59:28', '2019-06-26 13:59:28'),
(86, 8, 'Alysha Flatley', 'Et enim hic aut sapiente adipisci illo facere. Corrupti voluptate quis labore et. Dicta est omnis reiciendis ratione temporibus libero recusandae alias. Quos dolor quisquam qui unde.', 1, '2019-06-26 13:59:28', '2019-06-26 13:59:28'),
(87, 6, 'Rigoberto Murphy', 'Quidem laudantium aut et laboriosam ad. Facilis non omnis occaecati recusandae. Iure non exercitationem quod est omnis sed beatae qui.', 3, '2019-06-26 13:59:28', '2019-06-26 13:59:28'),
(88, 10, 'Janice Emard', 'Id aut facilis sunt cupiditate quia deleniti. Delectus sequi iste animi eius ipsam sed. Doloremque molestias et quaerat ut eum vitae molestias.', 5, '2019-06-26 13:59:28', '2019-06-26 13:59:28'),
(89, 4, 'Prof. Lily Dicki', 'Incidunt totam eos molestiae eos rerum consequuntur. Sint placeat hic sint possimus.', 3, '2019-06-26 13:59:28', '2019-06-26 13:59:28'),
(90, 4, 'Jeff Bins', 'Aperiam officiis dolorem voluptates beatae placeat eos. Reiciendis vel et sit sed.', 5, '2019-06-26 13:59:29', '2019-06-26 13:59:29'),
(91, 3, 'Layla O\'Hara', 'Ea perferendis sint blanditiis sit impedit non odio. Eius doloribus vero ipsum est ut. Aliquam suscipit voluptatem consequuntur et quam provident voluptatem.', 0, '2019-06-26 13:59:29', '2019-06-26 13:59:29'),
(92, 3, 'Dr. Geovanny Hagenes', 'Consequatur ipsum qui totam nesciunt repellat. Aperiam ut non quo iusto quisquam sit nostrum. Voluptatem quisquam dolore cupiditate enim sapiente nisi. Harum sint alias suscipit nostrum amet.', 1, '2019-06-26 13:59:29', '2019-06-26 13:59:29'),
(93, 3, 'Jeremy Thompson', 'Aut consectetur facere qui in quia rerum. Natus dolor veniam modi hic dolor voluptas necessitatibus quibusdam. Eos iste unde asperiores laborum ducimus sint. Quidem et et qui consequatur in vel suscipit.', 2, '2019-06-26 13:59:29', '2019-06-26 13:59:29'),
(94, 10, 'Margie Green', 'Deleniti odio provident aut eum aperiam voluptatum. Expedita repudiandae aut voluptas unde repudiandae autem et. Iste neque veniam molestias iste mollitia inventore.', 4, '2019-06-26 13:59:29', '2019-06-26 13:59:29'),
(95, 6, 'Liliana Funk', 'Totam occaecati sunt eaque sint. Maxime assumenda in quia ut nobis.', 3, '2019-06-26 13:59:29', '2019-06-26 13:59:29'),
(96, 4, 'Carson Weissnat', 'Aut repellendus ipsam consequuntur aut. Quis labore alias nostrum ipsum facilis amet. Voluptatem pariatur ut in occaecati aliquid. Assumenda neque architecto sunt.', 1, '2019-06-26 13:59:29', '2019-06-26 13:59:29'),
(97, 5, 'Nat Turcotte', 'Minus odio fugit voluptatibus qui praesentium optio dolorem. Dolorem ipsum eos fugit neque voluptas laudantium omnis. Eos provident praesentium odio a et. Non ut nulla ullam incidunt.', 3, '2019-06-26 13:59:29', '2019-06-26 13:59:29'),
(98, 10, 'Leonardo Blanda', 'Consequatur corrupti esse voluptatum veritatis. Sint quas cum illum voluptatum. Sit dolore repellendus qui. Qui aut sequi totam enim dolorum et dolorem. Dolorum quos et ad provident aut natus.', 5, '2019-06-26 13:59:29', '2019-06-26 13:59:29'),
(99, 8, 'Isabel Bauch', 'Et quae dignissimos laboriosam non recusandae vitae autem ea. Odio voluptate aliquam velit deleniti quam temporibus. Corporis repudiandae deserunt sit quibusdam molestiae et.', 0, '2019-06-26 13:59:29', '2019-06-26 13:59:29'),
(100, 10, 'Prof. Webster Hauck PhD', 'Quae vitae error architecto sit voluptatem perspiciatis aut sed. Est quidem quo provident ut consequatur totam non. Ullam et reiciendis magnam blanditiis dolorum. Molestias hic dolores rerum nostrum ad ipsa ipsum error.', 2, '2019-06-26 13:59:29', '2019-06-26 13:59:29'),
(101, 2, 'Wallace Jacobs', 'Dolores omnis ipsum unde doloribus corrupti totam ex. Nesciunt aut ut recusandae aut. Consectetur nulla aliquam qui. Est quaerat earum eos et.', 4, '2019-06-26 13:59:29', '2019-06-26 13:59:29'),
(102, 3, 'Miss Crystel Schuppe', 'At quibusdam alias et ut distinctio. Unde voluptatem ut iure alias aut. Neque ad sit quos et. Eos eos reprehenderit aperiam molestiae.', 4, '2019-06-26 13:59:29', '2019-06-26 13:59:29'),
(103, 4, 'Joaquin Feest', 'Temporibus vitae alias odio enim. Non eveniet dolor rerum molestiae sit. Laborum hic pariatur quisquam quam repudiandae. Aut beatae rerum at non ducimus et ut aut. Sint vel molestiae atque deserunt labore occaecati voluptates.', 5, '2019-06-26 13:59:29', '2019-06-26 13:59:29'),
(104, 7, 'Deangelo Schulist', 'Quia qui dolores voluptatem velit cumque sequi magni. Ad impedit consectetur consequatur eligendi fuga corrupti beatae. Consequuntur vel qui pariatur sit fugiat in. Et fuga voluptatum officia mollitia vel.', 5, '2019-06-26 13:59:29', '2019-06-26 13:59:29'),
(105, 3, 'Jacques Bogan Jr.', 'Facilis et sed debitis consequuntur cupiditate laborum non. Veniam qui nihil eum dignissimos. Asperiores fugiat commodi quo minima saepe nihil enim. Rem ducimus numquam esse fugit.', 3, '2019-06-26 13:59:29', '2019-06-26 13:59:29'),
(106, 6, 'Kaylin Dare', 'Quaerat voluptas iure harum illum consequuntur voluptate. Aut dolorem esse beatae maxime voluptas non. Commodi corporis eos qui quod reiciendis.', 4, '2019-06-26 13:59:29', '2019-06-26 13:59:29'),
(107, 7, 'Isabel Roob', 'Illum et enim atque sed ut dolore atque. Illum molestiae fugit ut ut quaerat animi mollitia. Voluptate nisi perspiciatis magnam optio.', 1, '2019-06-26 13:59:29', '2019-06-26 13:59:29'),
(108, 2, 'D\'angelo Feil Jr.', 'Impedit velit est quo quia maiores facere. Illum necessitatibus sed rerum accusantium qui molestias pariatur. Dolor omnis tempora architecto quam atque accusantium.', 5, '2019-06-26 13:59:30', '2019-06-26 13:59:30'),
(109, 5, 'Prof. Morgan Rogahn V', 'Rerum dolorem fugit nesciunt. Qui ab qui dolorem. Amet et vero illum quaerat.', 0, '2019-06-26 13:59:30', '2019-06-26 13:59:30'),
(110, 8, 'Mazie Bergnaum DDS', 'Quisquam iusto eius voluptatibus quo officiis. Esse nisi nostrum est voluptatibus. Deleniti quia assumenda beatae vel dolor.', 3, '2019-06-26 13:59:30', '2019-06-26 13:59:30'),
(111, 7, 'Brannon Lubowitz', 'Sit minus voluptas modi blanditiis nostrum suscipit. Impedit molestias laudantium vel quisquam explicabo ab autem. Vitae laudantium laudantium earum.', 1, '2019-06-26 13:59:30', '2019-06-26 13:59:30'),
(112, 2, 'Casimir Murphy', 'Dolor minus illo nesciunt iusto consequatur dicta reprehenderit. Occaecati accusamus soluta occaecati consectetur quisquam.', 2, '2019-06-26 13:59:30', '2019-06-26 13:59:30'),
(113, 1, 'Dr. Adalberto Schultz DVM', 'Sequi qui et suscipit earum perferendis cumque. Accusamus quia fugit consequatur deserunt nobis eaque. Omnis in velit voluptatem magni neque alias non. Quo aut reiciendis quas aut et ut eius.', 1, '2019-06-26 13:59:30', '2019-06-26 13:59:30'),
(114, 9, 'Ms. Kiera Morar MD', 'Officiis sunt distinctio qui iure sint facere asperiores. Eius aut iure ut corrupti. Corrupti exercitationem ex aut veniam dolor. Quae eligendi quia deserunt doloremque.', 5, '2019-06-26 13:59:30', '2019-06-26 13:59:30'),
(115, 4, 'Brian Haag', 'Nemo rerum et expedita hic dolores est. Aut adipisci amet atque non repudiandae. Deserunt voluptatum consequuntur libero et eveniet dolorem repellendus.', 1, '2019-06-26 13:59:30', '2019-06-26 13:59:30'),
(116, 4, 'Madyson Mann', 'Qui neque voluptates voluptas. Quia qui nemo facere quis omnis mollitia sapiente dolor. Et in quia totam.', 0, '2019-06-26 13:59:30', '2019-06-26 13:59:30'),
(117, 6, 'Janice Heathcote', 'Sit commodi ipsum expedita. Eius neque reiciendis quia. Cumque velit sunt omnis non praesentium dolorum accusantium.', 0, '2019-06-26 13:59:30', '2019-06-26 13:59:30'),
(118, 1, 'Nina Towne', 'Aperiam est harum sed sint laudantium doloremque architecto. Quas nam accusantium error autem. Rerum autem porro eveniet est. Ab voluptatibus nihil eligendi consequuntur.', 4, '2019-06-26 13:59:30', '2019-06-26 13:59:30'),
(119, 6, 'Luisa Roob', 'Consequatur veniam laboriosam cum molestiae facere reiciendis. Itaque quo ullam harum voluptas. Et id laborum consequuntur facilis consequuntur aspernatur architecto.', 4, '2019-06-26 13:59:30', '2019-06-26 13:59:30'),
(120, 6, 'Prof. Destiny Orn II', 'Expedita deserunt aut et velit amet aperiam. Laborum fugiat quae corporis suscipit. Dolorum sint veniam possimus.', 1, '2019-06-26 13:59:30', '2019-06-26 13:59:30'),
(121, 4, 'Prof. Erwin Howe', 'Voluptatem itaque totam voluptates possimus ut. Quia qui et praesentium nisi qui aut. Ipsam unde non est deserunt aut. Facere quia minima atque cum aperiam minus odit ex.', 5, '2019-06-26 13:59:30', '2019-06-26 13:59:30'),
(122, 1, 'Cale Hodkiewicz', 'Corrupti perspiciatis eum dolores officia sequi. Tempore sit quod quam. Fuga quis beatae molestias. In voluptas in dolores consectetur neque et dolor doloremque.', 5, '2019-06-26 13:59:30', '2019-06-26 13:59:30'),
(123, 10, 'Cleta Borer', 'Pariatur sint dolorem odit eum nihil cupiditate quod. Dolores quos quis aut qui. Et sint alias sint.', 5, '2019-06-26 13:59:30', '2019-06-26 13:59:30'),
(124, 5, 'Mrs. Aliyah Volkman', 'Omnis est id hic quia culpa. Vitae explicabo magnam accusamus quaerat quos officia. At eius id itaque et. Distinctio at voluptas autem neque et.', 4, '2019-06-26 13:59:30', '2019-06-26 13:59:30'),
(125, 1, 'Maryam Hahn Jr.', 'Omnis aut aut pariatur aut maxime. Consequuntur rerum quis qui sit adipisci. Nihil facilis iste architecto et. Autem velit quod voluptas sed non quo aspernatur. Repellat consectetur tenetur et neque.', 3, '2019-06-26 13:59:30', '2019-06-26 13:59:30'),
(126, 8, 'Prof. Marc Schimmel', 'Et quod vitae corrupti dolorem. Ea iste ut adipisci voluptatem dicta ut est. Commodi nihil nostrum aut dolore fugiat harum molestias consectetur.', 2, '2019-06-26 13:59:30', '2019-06-26 13:59:30'),
(127, 6, 'Elisabeth Brekke', 'Quis recusandae rem illo quae. Est dolor cum suscipit quod omnis. Velit quia quia autem iure a dolor.', 1, '2019-06-26 13:59:30', '2019-06-26 13:59:30'),
(128, 9, 'Lemuel Pouros', 'Et iusto beatae sunt laudantium atque. Velit accusantium culpa perspiciatis unde dolorem itaque. At ex in voluptatem.', 5, '2019-06-26 13:59:30', '2019-06-26 13:59:30'),
(129, 5, 'Lorine O\'Keefe I', 'Est suscipit in doloremque numquam. Dolores aperiam commodi mollitia deserunt.', 2, '2019-06-26 13:59:31', '2019-06-26 13:59:31'),
(130, 8, 'Meda Schuster', 'Hic nesciunt dolor omnis voluptas. Rerum consectetur saepe tempore rerum magni nostrum itaque.', 2, '2019-06-26 13:59:31', '2019-06-26 13:59:31'),
(131, 4, 'Miss Isabella Daugherty', 'Quos unde ducimus cumque doloremque dolores. Hic eaque voluptatum quidem voluptatem corporis aut laborum. Molestias molestiae doloribus nihil soluta exercitationem ut iure.', 2, '2019-06-26 13:59:31', '2019-06-26 13:59:31'),
(132, 9, 'Devon Kohler', 'Quia consequatur sequi suscipit soluta suscipit. Omnis voluptatem saepe est autem voluptatibus reiciendis.', 0, '2019-06-26 13:59:31', '2019-06-26 13:59:31'),
(133, 1, 'Maybelle Reinger', 'Facilis aperiam ut id est. Et nobis reiciendis sint vel omnis non. Aut accusamus qui odio est. Impedit voluptatibus nam excepturi animi ut deleniti.', 2, '2019-06-26 13:59:31', '2019-06-26 13:59:31'),
(134, 10, 'Javier Barton', 'Impedit harum magnam qui dolores nam omnis. Voluptate quia non iusto. Molestias modi est ut aut praesentium excepturi.', 0, '2019-06-26 13:59:31', '2019-06-26 13:59:31'),
(135, 10, 'Mr. Nicklaus Quigley DDS', 'Est sit aut est inventore. Dolor quam et ut ut assumenda commodi. Dolorem assumenda magni et et reprehenderit facilis.', 5, '2019-06-26 13:59:31', '2019-06-26 13:59:31'),
(136, 9, 'Chelsey Jenkins', 'Rem sed hic et itaque similique quia et. Maiores quia magni sequi delectus nihil. Odio aperiam aut quos minus aut molestiae dicta earum.', 5, '2019-06-26 13:59:31', '2019-06-26 13:59:31'),
(137, 10, 'Loren Hintz', 'Et accusamus aperiam nisi laborum aut soluta non. Asperiores asperiores suscipit atque quas iusto sed. Perferendis eum expedita rerum harum fuga. Esse consequatur minima cum quae molestias aut placeat.', 1, '2019-06-26 13:59:31', '2019-06-26 13:59:31'),
(138, 2, 'Dena Kovacek', 'Commodi corrupti est aliquid dolor voluptas ea. Ut ut eos numquam vel consequatur. Laudantium distinctio odit nihil velit dolores voluptas commodi. Quia possimus voluptas voluptate repellendus molestiae qui est ut.', 4, '2019-06-26 13:59:31', '2019-06-26 13:59:31'),
(139, 10, 'Samir Pfannerstill Jr.', 'Amet molestiae qui tempore id. Repellendus assumenda corporis itaque alias enim blanditiis. Maiores eos at necessitatibus consequuntur et.', 5, '2019-06-26 13:59:31', '2019-06-26 13:59:31'),
(140, 1, 'Simeon Hegmann V', 'Asperiores dolor est ea fuga modi ab quia. Aut totam voluptatem aut praesentium deleniti. Dolore et est eum voluptates.', 2, '2019-06-26 13:59:31', '2019-06-26 13:59:31'),
(141, 10, 'Valerie Keeling', 'Eos accusantium iusto facilis beatae. Dolores quas ad sit accusamus ut eaque. Voluptatem enim harum repellat vel modi.', 0, '2019-06-26 13:59:31', '2019-06-26 13:59:31'),
(142, 1, 'Dasia Corkery', 'Nihil repellendus omnis sit officiis occaecati id fugit. Qui voluptate est rerum perferendis dolore quasi unde. Exercitationem sunt voluptatibus qui esse sapiente.', 0, '2019-06-26 13:59:31', '2019-06-26 13:59:31'),
(143, 4, 'Jamison Erdman', 'Voluptatibus et quis necessitatibus et quam quis. Perspiciatis corrupti repudiandae quas nostrum dolorem nesciunt. Et eos est omnis. Tempora laudantium autem voluptas delectus dolores quo aut.', 3, '2019-06-26 13:59:31', '2019-06-26 13:59:31'),
(144, 6, 'Berneice Langosh', 'Voluptas aliquid debitis dignissimos. Velit maxime excepturi qui qui suscipit velit eum. Et repellat sunt deleniti dolorem sit doloremque. Consequuntur ut molestiae inventore magni unde dolor.', 3, '2019-06-26 13:59:31', '2019-06-26 13:59:31'),
(145, 9, 'Kristy Kunde', 'Eum unde sit fuga pariatur qui. Ipsum voluptate sed expedita assumenda. Eos a aut cumque explicabo. Dolores adipisci voluptates ratione veritatis rerum quas vitae.', 3, '2019-06-26 13:59:31', '2019-06-26 13:59:31'),
(146, 7, 'Garry Bogan I', 'Odio nisi velit et qui ab ratione. Beatae ratione in quo dignissimos. Ut culpa magni pariatur molestiae. Officia rerum animi tempora.', 4, '2019-06-26 13:59:31', '2019-06-26 13:59:31'),
(147, 8, 'Mr. Jovany Reilly', 'Vel itaque vero sequi excepturi veniam. Sed ipsum ea ut labore dicta. Mollitia similique minima omnis omnis quos.', 2, '2019-06-26 13:59:31', '2019-06-26 13:59:31'),
(148, 8, 'Gerald Predovic IV', 'Sint a voluptatem ipsa sit vero. Quasi ut incidunt qui fugiat nihil qui delectus. Est ut aut mollitia ut. Distinctio voluptas quod voluptatibus totam nesciunt animi incidunt.', 0, '2019-06-26 13:59:32', '2019-06-26 13:59:32'),
(149, 7, 'Bonita Kuvalis', 'Molestiae nihil vero sed at inventore. Mollitia odio voluptatem fugit ducimus. Assumenda aut iure sint ex praesentium.', 2, '2019-06-26 13:59:32', '2019-06-26 13:59:32'),
(150, 2, 'Dr. Glen Quigley I', 'At nihil deleniti odit commodi nam rerum harum rerum. Sit et delectus id optio laborum. Et voluptatem atque eos consectetur vitae sint. Fugit soluta sed possimus pariatur dolor architecto omnis.', 3, '2019-06-26 13:59:32', '2019-06-26 13:59:32'),
(151, 9, 'Ms. Nyah Keeling', 'Mollitia sint sint repellat quibusdam ad voluptates. Quasi non dicta illo sequi deleniti incidunt. Et quam consequatur blanditiis et ab deleniti officia. Ea et suscipit maiores. Non doloremque adipisci vel dolor sed ut aut voluptatem.', 2, '2019-06-26 13:59:32', '2019-06-26 13:59:32'),
(152, 2, 'Delia Murazik', 'Nobis dolorem laboriosam repellendus aut. Id totam beatae dolores culpa rerum soluta cum. Necessitatibus accusamus eveniet beatae iure quisquam omnis.', 4, '2019-06-26 13:59:32', '2019-06-26 13:59:32'),
(153, 7, 'Juwan Cremin I', 'Ut temporibus provident labore sapiente nihil ea dolores. Eius saepe tempore qui cumque ad. Itaque inventore repellat sequi debitis voluptatem cumque architecto. Qui nulla quo vel.', 0, '2019-06-26 13:59:32', '2019-06-26 13:59:32'),
(154, 9, 'Jayme Howe', 'Ut odio debitis sed ea dignissimos et. Qui ea velit itaque vitae possimus. Reprehenderit eaque cupiditate est nam est. Impedit neque ut est quia aut. Laborum doloremque itaque nesciunt rem dolorem deserunt.', 5, '2019-06-26 13:59:32', '2019-06-26 13:59:32'),
(155, 7, 'Wanda Ziemann', 'Qui deserunt nostrum ipsam iste placeat earum. Et minus est harum nostrum aut. Quia possimus sit possimus occaecati quo officiis. Magnam assumenda a aut impedit.', 0, '2019-06-26 13:59:32', '2019-06-26 13:59:32'),
(156, 6, 'Miss Kaelyn Sauer', 'Natus quod quia velit est perspiciatis aut dolor. Qui soluta odit aut. Omnis asperiores ut ut eius et tempora sunt voluptatem. Perferendis incidunt enim et.', 5, '2019-06-26 13:59:32', '2019-06-26 13:59:32'),
(157, 8, 'Tiffany Rice', 'Dolor architecto similique totam ducimus. Natus laborum voluptate ratione autem repudiandae et. Neque eum quod recusandae voluptatum repellendus itaque iure.', 4, '2019-06-26 13:59:32', '2019-06-26 13:59:32'),
(158, 2, 'Skye McCullough', 'Dolor et qui ut culpa nihil sunt fugit. Repellat porro sapiente nostrum. Incidunt quaerat tenetur veniam quia quia autem. Dolor doloremque adipisci aspernatur praesentium.', 0, '2019-06-26 13:59:32', '2019-06-26 13:59:32'),
(159, 8, 'Mr. Winston Harvey', 'Iste temporibus placeat nobis officia aut corporis eum. Incidunt est maxime id ut rerum. Veritatis at quis totam incidunt dolores nihil.', 4, '2019-06-26 13:59:32', '2019-06-26 13:59:32'),
(160, 1, 'Hunter Bahringer', 'Dolor vel aut cum eius dolor reprehenderit. Et est voluptatem iste libero expedita. Ullam et voluptate sit ratione reiciendis et qui voluptatem.', 5, '2019-06-26 13:59:32', '2019-06-26 13:59:32'),
(161, 8, 'Antonetta Wiza DVM', 'Cumque illo voluptatem repellendus. Vero culpa reprehenderit modi est quam. Hic et cumque minima repudiandae asperiores.', 4, '2019-06-26 13:59:32', '2019-06-26 13:59:32'),
(162, 8, 'Dereck Waters', 'Ea eaque non sed molestiae consequatur corrupti. Quo expedita rerum accusamus qui recusandae. Nobis aspernatur perspiciatis molestiae qui enim fugiat. Eos ad deserunt ab.', 4, '2019-06-26 13:59:32', '2019-06-26 13:59:32'),
(163, 10, 'Nakia Casper', 'Quisquam qui delectus illum minima vel excepturi. Expedita aut aspernatur omnis suscipit consequatur aspernatur. Rerum veniam esse aut maxime laudantium.', 0, '2019-06-26 13:59:32', '2019-06-26 13:59:32'),
(164, 10, 'Paxton Marks', 'Doloremque temporibus voluptatibus reiciendis qui laboriosam numquam. Necessitatibus nihil minima et. Et et cum autem et. Corrupti blanditiis consequatur autem. Alias sunt consequatur error necessitatibus.', 5, '2019-06-26 13:59:32', '2019-06-26 13:59:32'),
(165, 5, 'Arvilla Bartell DVM', 'Numquam aliquam laborum impedit explicabo. Dolor sed quia qui sequi. Iste velit hic et sunt et cupiditate corrupti.', 0, '2019-06-26 13:59:32', '2019-06-26 13:59:32'),
(166, 9, 'Kyra O\'Keefe', 'Molestias incidunt dolor voluptatem quisquam. Atque est maiores culpa commodi harum qui non. Provident eum dolore distinctio nihil. Ducimus ipsa vitae ad et enim deleniti earum.', 3, '2019-06-26 13:59:32', '2019-06-26 13:59:32'),
(167, 3, 'Providenci Schroeder', 'Amet possimus magni nobis voluptatem. Ipsum voluptatem praesentium est ea in. Sint voluptatem laudantium dolorem labore deleniti voluptate.', 1, '2019-06-26 13:59:32', '2019-06-26 13:59:32'),
(168, 5, 'Johnnie Okuneva IV', 'Dignissimos labore aliquid voluptas debitis voluptatem id. Distinctio aut earum sit fuga provident in. Ipsum consequatur rerum quidem ipsum. Aut commodi rerum recusandae at omnis eos soluta.', 5, '2019-06-26 13:59:32', '2019-06-26 13:59:32'),
(169, 3, 'Prof. Jessy Quigley', 'Temporibus debitis laudantium nesciunt enim laboriosam tenetur veniam. Qui voluptas ipsum vitae. Aut voluptate aut libero.', 4, '2019-06-26 13:59:33', '2019-06-26 13:59:33'),
(170, 9, 'Cecilia Cruickshank', 'Eaque rerum quaerat molestiae iusto illo aliquid. Et eligendi distinctio quaerat rerum cum quo sequi. Distinctio quia fuga aut rem sint vero.', 3, '2019-06-26 13:59:33', '2019-06-26 13:59:33'),
(171, 6, 'Florencio Welch', 'Vitae sint veritatis et voluptas qui non. Sequi blanditiis aut non. Nostrum praesentium tempora et vel ut est deleniti ab. Rem dolore est quibusdam id.', 3, '2019-06-26 13:59:33', '2019-06-26 13:59:33'),
(172, 7, 'Prof. Jade Streich Sr.', 'Accusantium vel nam in blanditiis nemo rerum. Et occaecati labore saepe et sunt. Consequatur quis explicabo quibusdam nihil.', 1, '2019-06-26 13:59:33', '2019-06-26 13:59:33'),
(173, 5, 'Dr. Kelsie Mosciski', 'Sunt reprehenderit dolore natus natus sequi ad. Nemo omnis et sed omnis eum delectus. Rerum debitis recusandae amet.', 5, '2019-06-26 13:59:33', '2019-06-26 13:59:33'),
(174, 10, 'Durward Feeney Jr.', 'Voluptate excepturi error dolorem cupiditate qui cum non voluptas. Repellat mollitia molestiae fugit illo explicabo. Iusto aspernatur est harum aut aliquid. Sapiente earum est placeat consequuntur consequatur.', 3, '2019-06-26 13:59:33', '2019-06-26 13:59:33'),
(175, 4, 'Gabe Cummerata', 'Eius optio aut vero illo similique nostrum quo voluptatibus. Et ea beatae voluptas. Id recusandae ut et quae eveniet.', 1, '2019-06-26 13:59:33', '2019-06-26 13:59:33'),
(176, 8, 'Destiney Cartwright', 'Temporibus consequatur dolore sint vero doloremque. Voluptatibus molestiae earum ipsum occaecati quia. Ducimus id quasi omnis magnam culpa. Non voluptatem dolor est expedita officia nulla.', 2, '2019-06-26 13:59:33', '2019-06-26 13:59:33'),
(177, 1, 'Nicklaus Quitzon', 'Provident temporibus soluta et et. Dicta et nemo deleniti numquam. Fugit et autem sit est eum sequi.', 5, '2019-06-26 13:59:33', '2019-06-26 13:59:33'),
(178, 1, 'Mrs. Bonnie Wilkinson', 'Alias quia odio animi rerum est illo odio. Laboriosam assumenda labore rerum. Autem similique quo qui quod.', 2, '2019-06-26 13:59:33', '2019-06-26 13:59:33'),
(179, 6, 'Laurel Swift', 'Mollitia rerum dignissimos numquam numquam iusto nam dolor enim. Hic hic est cum commodi. Eius in sed similique saepe aut.', 4, '2019-06-26 13:59:33', '2019-06-26 13:59:33'),
(180, 6, 'Annabelle Bartoletti', 'Ex assumenda eos id voluptatem unde mollitia fugit cum. Accusantium placeat debitis optio itaque et voluptates. Amet ut repudiandae aspernatur quasi dignissimos reiciendis dolore.', 0, '2019-06-26 13:59:33', '2019-06-26 13:59:33'),
(181, 10, 'Prof. Kevon Upton IV', 'Nostrum et ut officiis. Magni aspernatur dolor qui alias dignissimos ut provident. Voluptatem soluta quasi ab nesciunt quisquam quae dolorem. Id quis adipisci illum animi cumque quis rem asperiores.', 1, '2019-06-26 13:59:33', '2019-06-26 13:59:33'),
(182, 6, 'Bell Pagac', 'Id quia in hic temporibus quis voluptatum nihil. Dolorem nobis perspiciatis dolorum quae. Optio eligendi ea non deleniti quae veniam. Tenetur corrupti ut repellat deleniti corrupti rerum vel.', 5, '2019-06-26 13:59:33', '2019-06-26 13:59:33'),
(183, 7, 'Dr. Lue Nitzsche', 'Saepe maxime soluta vel aliquid pariatur architecto ut. Sit ratione mollitia pariatur autem. Ea neque quaerat ut harum voluptates recusandae dolorum. Repellendus nihil eos et dicta.', 2, '2019-06-26 13:59:33', '2019-06-26 13:59:33'),
(184, 8, 'Golden Will', 'Dolorem quasi totam reiciendis enim quasi doloremque. Ipsam laboriosam nobis aspernatur qui soluta. Nostrum hic rerum iure. Saepe est omnis ea omnis perspiciatis.', 4, '2019-06-26 13:59:33', '2019-06-26 13:59:33'),
(185, 1, 'Rudy Bogan', 'Omnis minima expedita ipsum suscipit dolores ut dicta. Animi voluptas tenetur quia architecto. Facere voluptatibus et quo quia modi adipisci est debitis.', 1, '2019-06-26 13:59:33', '2019-06-26 13:59:33'),
(186, 6, 'Ms. Citlalli Weissnat Jr.', 'Blanditiis nostrum nemo veniam corporis veniam iure reprehenderit sint. Unde porro odit dicta rerum quidem expedita. Blanditiis non ea molestiae cumque.', 4, '2019-06-26 13:59:34', '2019-06-26 13:59:34'),
(187, 10, 'Althea Streich', 'Qui quasi nihil est magnam adipisci. Quos sed amet cum nihil incidunt. Sint minima voluptas ad dolorem. Alias nulla molestias qui ut soluta.', 1, '2019-06-26 13:59:34', '2019-06-26 13:59:34'),
(188, 10, 'Joshuah Hessel', 'Est suscipit doloremque culpa molestias laudantium debitis ratione. Harum voluptas quo nemo. Maxime ut ad sunt est.', 0, '2019-06-26 13:59:34', '2019-06-26 13:59:34'),
(189, 8, 'Dr. Keven Tillman', 'Beatae non ex nesciunt qui. Voluptates consequatur excepturi et autem reiciendis blanditiis neque voluptatem.', 2, '2019-06-26 13:59:34', '2019-06-26 13:59:34'),
(190, 7, 'Sally Crooks', 'Qui inventore occaecati minima voluptatibus repellendus et deleniti. Nisi laborum labore eaque quia similique et. Nostrum est eum in laudantium optio qui.', 2, '2019-06-26 13:59:34', '2019-06-26 13:59:34'),
(191, 10, 'Mr. Kareem Douglas', 'Dicta rerum quis omnis sit accusamus ad quia blanditiis. Facere id qui doloremque sint. Distinctio recusandae aspernatur eaque nostrum consequuntur. Laboriosam voluptas est quia sunt consequuntur error.', 3, '2019-06-26 13:59:34', '2019-06-26 13:59:34'),
(192, 7, 'Jimmy Keebler DDS', 'Qui provident cupiditate veniam nostrum provident. Tempora non aut quod ut explicabo. Omnis sunt qui ratione aliquam repellat.', 0, '2019-06-26 13:59:34', '2019-06-26 13:59:34'),
(193, 5, 'Nathan Wyman', 'Maiores assumenda minus ipsum repellat. Odit numquam consequatur rerum nulla perspiciatis consequatur. Officia tempora quidem minima temporibus ad deleniti.', 0, '2019-06-26 13:59:34', '2019-06-26 13:59:34'),
(194, 8, 'Ms. River Morar', 'Eius qui iusto labore rerum quam ducimus quis. Et laudantium voluptatem incidunt odio. Soluta qui eius sint. Nesciunt cupiditate id qui omnis et modi ipsa.', 0, '2019-06-26 13:59:34', '2019-06-26 13:59:34'),
(195, 3, 'Ms. Dominique Simonis', 'Ullam est esse ut quis rerum. Ut aut voluptas officiis quia nulla nam officiis. Perspiciatis in temporibus velit quidem voluptate deleniti.', 4, '2019-06-26 13:59:34', '2019-06-26 13:59:34'),
(196, 4, 'Jackie Ondricka', 'Et fugiat quidem vel soluta sed. Voluptatibus accusantium quod aut ipsa. Autem necessitatibus molestiae et nam. Architecto vel voluptate ea autem sunt voluptas.', 0, '2019-06-26 13:59:34', '2019-06-26 13:59:34'),
(197, 9, 'Jessyca Jenkins', 'Neque quas maiores eveniet itaque ex modi. Mollitia quae natus nobis eum rerum ut. Aut eos laboriosam est iste dolorem error.', 2, '2019-06-26 13:59:34', '2019-06-26 13:59:34'),
(198, 6, 'Ms. Ashley Durgan', 'Et nostrum aut vel rem quasi. Et eos iusto officia exercitationem. Ut alias fuga in laborum. Sapiente et repudiandae hic eum asperiores quia occaecati. A maxime optio perferendis rerum corporis reprehenderit hic.', 3, '2019-06-26 13:59:34', '2019-06-26 13:59:34'),
(199, 6, 'Prof. Astrid Strosin', 'Maiores maxime temporibus porro sint voluptate. Mollitia consequatur qui numquam nihil deleniti deleniti natus. Sed sint aut et suscipit quidem qui aut. Vero rerum sit ex vel.', 2, '2019-06-26 13:59:34', '2019-06-26 13:59:34'),
(200, 4, 'Leilani Will', 'Assumenda laboriosam doloribus ipsum quaerat. Ducimus commodi voluptate ex quia qui quaerat. Qui cum amet molestiae aut delectus beatae et. Soluta sunt eum in harum recusandae est qui et.', 4, '2019-06-26 13:59:34', '2019-06-26 13:59:34'),
(201, 10, 'Reta Gislason', 'Minus consectetur ab cupiditate est et sed dolores. Qui sed molestiae et. Earum aut cumque ea pariatur quia eveniet vel.', 1, '2019-06-26 13:59:35', '2019-06-26 13:59:35'),
(202, 6, 'Prof. Rebecca Kulas', 'Nihil eaque nemo temporibus nemo praesentium quisquam. Harum qui velit omnis eligendi beatae quia. Omnis asperiores culpa cumque qui quasi culpa.', 1, '2019-06-26 13:59:35', '2019-06-26 13:59:35'),
(203, 1, 'Mrs. Breana Bernhard DVM', 'Natus maiores voluptatum totam ratione laborum sunt deleniti ipsam. Est dicta perferendis incidunt qui quis optio aut. Quia aut est eligendi animi.', 4, '2019-06-26 13:59:35', '2019-06-26 13:59:35'),
(204, 10, 'Walton Reichert', 'Consequatur voluptatum corporis iure nobis fuga. Quidem perferendis id molestiae eaque consequatur. Dignissimos dolores corporis inventore voluptatibus autem in numquam. Ut neque vel adipisci autem corporis esse aliquid placeat.', 4, '2019-06-26 13:59:35', '2019-06-26 13:59:35'),
(205, 4, 'Terence Marquardt', 'Modi nihil accusantium voluptas omnis. Molestiae dolor qui quisquam velit aut qui. Iure porro quos repudiandae nihil illo. Nisi occaecati aut sed aliquam reiciendis. Voluptatem qui praesentium et consequatur ut magnam.', 1, '2019-06-26 13:59:35', '2019-06-26 13:59:35'),
(206, 10, 'Cale Schowalter', 'Molestiae ipsa tempora provident. Quo eos vel rem ducimus ab maxime dignissimos. Odit et et hic cupiditate. Nostrum asperiores quos facilis. Dolore quis in rerum possimus voluptatem nostrum.', 5, '2019-06-26 13:59:35', '2019-06-26 13:59:35'),
(207, 6, 'Mr. Sylvester Wisozk I', 'Fuga id temporibus praesentium atque similique voluptate. Ad harum unde nesciunt et iure veritatis quia odit. Ut architecto voluptatem natus quod impedit repudiandae odit.', 2, '2019-06-26 13:59:35', '2019-06-26 13:59:35'),
(208, 2, 'Shannon Paucek', 'Adipisci facilis et accusantium vero laboriosam reprehenderit. Quisquam perferendis optio est eius quia perspiciatis. Maiores tenetur cupiditate occaecati expedita nemo. Voluptates expedita illo accusantium voluptatem cum ducimus.', 0, '2019-06-26 13:59:35', '2019-06-26 13:59:35'),
(209, 7, 'Gisselle Ortiz', 'Saepe fuga maxime pariatur nesciunt impedit tempore est. Voluptatem occaecati et sed et aut beatae. Atque aspernatur blanditiis explicabo omnis nemo ut amet.', 1, '2019-06-26 13:59:35', '2019-06-26 13:59:35'),
(210, 2, 'Eden Koss IV', 'Ullam tempora doloribus quidem autem assumenda. Et excepturi itaque nesciunt nisi sunt minus ipsum. Et illum molestiae qui quidem. Provident quaerat dolore hic beatae hic in.', 4, '2019-06-26 13:59:35', '2019-06-26 13:59:35'),
(211, 4, 'Mekhi Hill', 'Suscipit facilis voluptatem molestiae rem veniam. Eius tempore impedit aperiam enim officia consequatur voluptatem voluptas. Totam est accusamus neque dolores placeat quod. Mollitia pariatur aut perferendis veniam sint.', 1, '2019-06-26 13:59:35', '2019-06-26 13:59:35');
INSERT INTO `reviews` (`id`, `product_id`, `customer`, `review`, `star`, `created_at`, `updated_at`) VALUES
(212, 1, 'Dr. Reuben Harvey', 'Quia dolores eius accusamus at consequuntur aut doloremque. Ut iure omnis odio non consequatur consequuntur voluptas minus. Nesciunt eveniet accusantium mollitia illo quo cumque quo. Omnis ut dignissimos explicabo ut.', 3, '2019-06-26 13:59:35', '2019-06-26 13:59:35'),
(213, 3, 'Adelia Marquardt V', 'Sed debitis nam ducimus. Repellendus id rerum eveniet illum ut voluptatem. Beatae nihil et impedit. Est pariatur sed blanditiis animi. Repellendus dicta similique aliquam quos voluptatem.', 4, '2019-06-26 13:59:35', '2019-06-26 13:59:35'),
(214, 7, 'Jarod Gulgowski', 'Impedit voluptates est et reprehenderit facilis. Voluptatem voluptatem amet suscipit nam. Sunt quibusdam et in. Officia necessitatibus rerum fugiat vitae porro voluptatibus.', 5, '2019-06-26 13:59:35', '2019-06-26 13:59:35'),
(215, 1, 'Brayan Fay', 'Autem veniam ratione et ipsam voluptatem placeat quae. Voluptatem iusto blanditiis ab et aperiam dolorem pariatur. Sequi repellendus id rerum eius hic qui quaerat.', 5, '2019-06-26 13:59:35', '2019-06-26 13:59:35'),
(216, 1, 'Brisa Abbott', 'Sit voluptas quis et praesentium aliquid quam non. Optio harum impedit fuga doloremque consectetur. Adipisci totam sunt hic assumenda et dignissimos libero.', 0, '2019-06-26 13:59:35', '2019-06-26 13:59:35'),
(217, 3, 'Katrine Schaefer', 'Eum magni qui ullam corporis. Est nesciunt repellendus a est saepe. Non dolorem quo nostrum doloribus iusto molestiae.', 1, '2019-06-26 13:59:35', '2019-06-26 13:59:35'),
(218, 3, 'Kane Mante PhD', 'Fugit et quia nihil at itaque tempore voluptatibus. Esse qui minus expedita voluptas ea ab. Eos expedita soluta quisquam et est doloribus.', 3, '2019-06-26 13:59:35', '2019-06-26 13:59:35'),
(219, 1, 'Lexi Bernier', 'Qui et omnis ipsam nihil. Ut rerum molestiae iure nisi doloremque.', 2, '2019-06-26 13:59:35', '2019-06-26 13:59:35'),
(220, 9, 'Kasey Wisozk', 'Sunt error corporis quas. Reprehenderit laboriosam excepturi repudiandae eum labore et et. Placeat quas dolor nostrum ad.', 0, '2019-06-26 13:59:35', '2019-06-26 13:59:35'),
(221, 5, 'Thea Klein Sr.', 'Molestiae sed ut eum possimus aut voluptas. Omnis quam vitae impedit sint assumenda ut. Dolores dolores accusantium sunt magnam et possimus nostrum vel. Amet velit ad voluptatem sunt voluptatem occaecati dignissimos.', 1, '2019-06-26 13:59:36', '2019-06-26 13:59:36'),
(222, 2, 'Rudolph VonRueden', 'Laborum non illum veritatis iusto vel. Est odio suscipit corporis quisquam architecto velit est. At optio recusandae rerum. Laudantium cupiditate quae quidem id.', 3, '2019-06-26 13:59:36', '2019-06-26 13:59:36'),
(223, 8, 'Mr. Sofia Ferry Jr.', 'Doloremque aut incidunt sapiente et. Est quidem culpa ut voluptatem. Nostrum autem asperiores voluptates earum quia quibusdam aut. Delectus pariatur et ab nihil eaque.', 4, '2019-06-26 13:59:36', '2019-06-26 13:59:36'),
(224, 9, 'Petra Kerluke', 'Debitis ut aperiam architecto architecto qui. Repellat rerum ut magnam occaecati. Rem veniam mollitia voluptatem velit dolorum rerum. Necessitatibus vitae pariatur fuga et rem.', 5, '2019-06-26 13:59:36', '2019-06-26 13:59:36'),
(225, 5, 'Prof. Sam Bernhard', 'Qui atque autem totam ut quibusdam. Laudantium voluptatem esse aut voluptatem. Eum quae sequi aut. Quisquam reprehenderit consequatur porro.', 2, '2019-06-26 13:59:36', '2019-06-26 13:59:36'),
(226, 7, 'Mr. Jessy Crist I', 'Perferendis perferendis accusantium aut fugiat. Illum aliquam numquam dignissimos placeat dolores omnis omnis. Ea tenetur sunt quis fuga dolore. Quia recusandae sunt ad autem aut vero mollitia.', 2, '2019-06-26 13:59:36', '2019-06-26 13:59:36'),
(227, 1, 'Magali Oberbrunner', 'Quaerat fuga aut consectetur doloremque aliquam. Doloribus id doloribus dolore natus deserunt praesentium. Vitae reprehenderit dolor accusantium.', 0, '2019-06-26 13:59:36', '2019-06-26 13:59:36'),
(228, 9, 'Albertha Satterfield PhD', 'Est voluptatem voluptate laudantium quae sequi voluptas. Est ut reprehenderit quasi et aut fugit occaecati.', 5, '2019-06-26 13:59:36', '2019-06-26 13:59:36'),
(229, 9, 'Stevie Kovacek', 'Sed et exercitationem illo. Amet occaecati pariatur commodi et mollitia. Voluptates eos magni alias aut iure est sed.', 1, '2019-06-26 13:59:36', '2019-06-26 13:59:36'),
(230, 10, 'Chet Schuppe', 'Possimus quasi doloremque dolores velit beatae quo error. Consequatur magni cupiditate nihil architecto porro ducimus. Rerum cum ex molestiae totam sapiente voluptas sed. Sit ullam aspernatur non.', 2, '2019-06-26 13:59:36', '2019-06-26 13:59:36'),
(231, 5, 'Deja Jacobi', 'Et in quo repellendus ad repellat quod consequuntur fugit. Impedit quia amet aperiam consequatur quis. Qui velit eos quia unde. Animi eos voluptatum ratione aut laudantium ipsa qui.', 1, '2019-06-26 13:59:36', '2019-06-26 13:59:36'),
(232, 5, 'Orlo Prohaska IV', 'Et quia sint sit at maiores. Facere perspiciatis corporis reiciendis a iure vitae. Non aut consequatur voluptates dolor eaque nulla sunt ipsam. Consequatur commodi similique quia assumenda illo odio. Est ut qui sit nam voluptatum perspiciatis assumenda consequatur.', 0, '2019-06-26 13:59:36', '2019-06-26 13:59:36'),
(233, 3, 'Prof. Omari Friesen DVM', 'Repudiandae quos consequuntur molestiae dicta velit harum expedita tempora. Aliquam fugiat expedita excepturi nihil eveniet quod autem maxime. Fugit odit libero modi mollitia neque.', 2, '2019-06-26 13:59:36', '2019-06-26 13:59:36'),
(234, 1, 'Bette Crona', 'Incidunt ullam voluptas possimus ut ipsam sed ratione. Et veritatis vel est consequatur quidem et.', 5, '2019-06-26 13:59:36', '2019-06-26 13:59:36'),
(235, 8, 'Dr. Gail Hartmann', 'Itaque qui nam nostrum incidunt. In odio eligendi aspernatur error dolor itaque tenetur. Omnis qui necessitatibus sit ipsam debitis accusamus sit. Et voluptas est optio laborum aut.', 1, '2019-06-26 13:59:36', '2019-06-26 13:59:36'),
(236, 7, 'Adan Jenkins PhD', 'Omnis ab ea laudantium inventore. Unde sit commodi amet. Et ipsam id est unde quia quia. Totam ducimus sed sit et.', 4, '2019-06-26 13:59:36', '2019-06-26 13:59:36'),
(237, 2, 'Mrs. Brisa Blanda DVM', 'Assumenda iure repellat quam aut temporibus. Quod illum aut consectetur voluptate. Qui iure et voluptas nam laborum. Molestias minima iure saepe pariatur quibusdam.', 5, '2019-06-26 13:59:36', '2019-06-26 13:59:36'),
(238, 2, 'Lew Rippin IV', 'Nemo fugiat quia sapiente consequatur explicabo impedit. Ex impedit est molestiae. Atque debitis est repudiandae corporis atque laboriosam. Rem voluptatem eum consequatur cumque deleniti.', 4, '2019-06-26 13:59:36', '2019-06-26 13:59:36'),
(239, 9, 'Mr. Brennon Quigley III', 'Quod quis illo aut corrupti et qui qui. Inventore odio ipsum nihil nam veritatis dolorum modi. Quidem quos consequatur magnam aliquid. Iure velit repellat aperiam quia.', 3, '2019-06-26 13:59:36', '2019-06-26 13:59:36'),
(240, 7, 'Anne Hills', 'Quisquam expedita odit commodi repellendus quo sequi ipsam. Cupiditate et vitae nisi alias soluta. Illo tenetur sed iure est. Quis quaerat et veritatis.', 3, '2019-06-26 13:59:36', '2019-06-26 13:59:36'),
(241, 5, 'Grayson Little', 'Magnam aut excepturi nemo voluptatum incidunt libero. Sunt quisquam rem aperiam in molestiae excepturi. Doloremque facere non eum accusamus quia. Et minus et omnis quo quidem. Enim voluptate et animi sit necessitatibus cum.', 0, '2019-06-26 13:59:36', '2019-06-26 13:59:36'),
(242, 6, 'Prof. Bryce Torp', 'Praesentium consequuntur molestiae eveniet et. Eius dolor ut earum tempora perferendis et. Natus error in sapiente amet ea adipisci. Eligendi libero aut ut est nemo excepturi.', 0, '2019-06-26 13:59:37', '2019-06-26 13:59:37'),
(243, 6, 'Tremayne Bauch', 'Deserunt inventore velit culpa sed in totam dolores eos. Quia ratione dicta omnis et modi natus qui. Aut occaecati vel reprehenderit odit molestias.', 0, '2019-06-26 13:59:37', '2019-06-26 13:59:37'),
(244, 9, 'Ms. Jada McDermott DDS', 'Iure rerum aliquid repudiandae at. Dolore et a molestiae quasi nemo consectetur. Odio voluptatibus nihil ex.', 4, '2019-06-26 13:59:37', '2019-06-26 13:59:37'),
(245, 9, 'Prof. Rey Berge I', 'Minus sequi quos et eveniet veniam doloribus. Voluptas eum id corrupti aperiam. Corporis quisquam alias consequuntur harum consequatur. Pariatur eum placeat perspiciatis repellat.', 4, '2019-06-26 13:59:37', '2019-06-26 13:59:37'),
(246, 5, 'Nichole Koepp III', 'Consequatur voluptatibus vel impedit aut. Quia dolorem temporibus voluptas velit exercitationem. Ut omnis ex eum facere. Et debitis velit voluptatum. Modi in qui reprehenderit aliquam enim voluptatum architecto.', 4, '2019-06-26 13:59:37', '2019-06-26 13:59:37'),
(247, 7, 'Rebeca Russel', 'Quod voluptas sed dolorem qui dicta nostrum. Occaecati esse iusto soluta laboriosam quaerat ad maxime dolore. Soluta molestias delectus voluptas fuga odio. Vitae culpa inventore amet eum cumque doloribus iste.', 0, '2019-06-26 13:59:37', '2019-06-26 13:59:37'),
(248, 2, 'Kenna Brown', 'Saepe rerum laboriosam vero rerum odio quod velit. Consectetur similique nisi velit. Id eligendi est voluptas modi suscipit.', 4, '2019-06-26 13:59:37', '2019-06-26 13:59:37'),
(249, 6, 'Donato Anderson Jr.', 'Aut in sunt sunt ut et aut dignissimos et. Veritatis perspiciatis eius quia numquam magni vel. Quam quo magnam eius at officia. Dolorem aliquam quis et quia atque eius.', 5, '2019-06-26 13:59:37', '2019-06-26 13:59:37'),
(250, 3, 'Mrs. Cindy Walker DVM', 'Et ut aut velit et accusamus et sint. Et nihil officia voluptatibus repellendus voluptas quae esse. Dolorem recusandae sit voluptatum.', 5, '2019-06-26 13:59:37', '2019-06-26 13:59:37'),
(251, 6, 'Lavina Stracke', 'Necessitatibus et aut unde quod quaerat repellat dolores asperiores. Dolores eum itaque eligendi provident voluptas ipsum sed. Qui nihil quod assumenda mollitia ea ab.', 4, '2019-06-26 13:59:37', '2019-06-26 13:59:37'),
(252, 2, 'Aubree Grady', 'Ratione eligendi quaerat iure id aut velit aut. Ut laborum aliquid enim voluptas. Doloribus nemo tempore ipsum sapiente est et omnis.', 2, '2019-06-26 13:59:37', '2019-06-26 13:59:37'),
(253, 2, 'Dr. Anjali Borer', 'Iusto ad non explicabo soluta ut quibusdam. Non eligendi mollitia sint laborum sunt consequatur ut reiciendis.', 5, '2019-06-26 13:59:37', '2019-06-26 13:59:37'),
(254, 4, 'Odell Franecki', 'Labore quis asperiores eum qui ut distinctio ipsa iusto. Quisquam voluptas saepe ut molestiae tenetur. Et hic repellat ut laudantium.', 3, '2019-06-26 13:59:37', '2019-06-26 13:59:37'),
(255, 6, 'Therese Stroman', 'Dolorem voluptates libero aut quo quo. Eum vitae impedit ut labore velit libero nam. Dicta dolores rerum est dolorum in enim eum.', 1, '2019-06-26 13:59:37', '2019-06-26 13:59:37'),
(256, 5, 'Kevon Leuschke II', 'Adipisci est suscipit occaecati qui et nobis. Quis error molestiae aut atque omnis et dolorum. Qui quo quo aut eligendi quis deserunt animi.', 4, '2019-06-26 13:59:37', '2019-06-26 13:59:37'),
(257, 5, 'Lenore Windler', 'Eveniet dolorem cupiditate accusamus rerum odio. Doloribus alias occaecati nulla sint. Molestiae eum quis exercitationem voluptatem fugit.', 3, '2019-06-26 13:59:37', '2019-06-26 13:59:37'),
(258, 10, 'Miss Zella Durgan', 'Dolorum qui corporis blanditiis id veniam ratione rerum. Est beatae excepturi consequatur non. Suscipit animi iure fugit et excepturi cum. Sapiente animi sit accusantium.', 3, '2019-06-26 13:59:38', '2019-06-26 13:59:38'),
(259, 9, 'Desiree Rippin', 'Nihil suscipit enim sapiente consequatur. Doloribus mollitia reprehenderit laboriosam non sit dolor aut. Ut magnam et officia qui ipsa qui. Numquam iste animi eveniet ducimus sequi. Aliquam repellat impedit earum doloribus et.', 1, '2019-06-26 13:59:38', '2019-06-26 13:59:38'),
(260, 6, 'Cade Keebler', 'Architecto praesentium ut ut. Aut dolores voluptatem nemo.', 4, '2019-06-26 13:59:38', '2019-06-26 13:59:38'),
(261, 9, 'Mr. Terence Medhurst', 'Blanditiis sapiente alias magnam reiciendis delectus quis. Natus sit sapiente debitis aut aut et asperiores. Voluptatem illum commodi mollitia doloribus id harum quam at. Perferendis repudiandae fuga dolores nulla quidem eveniet.', 4, '2019-06-26 13:59:38', '2019-06-26 13:59:38'),
(262, 2, 'Jaylen Considine', 'Eos et rerum quo. Aperiam error tenetur sunt laborum. Totam in est quisquam a. Temporibus qui qui velit.', 1, '2019-06-26 13:59:38', '2019-06-26 13:59:38'),
(263, 8, 'Mrs. Christiana Wehner IV', 'Quia et qui distinctio quaerat. Molestiae minima inventore architecto est et atque odit. Molestiae enim facere qui deleniti ex est eos.', 4, '2019-06-26 13:59:38', '2019-06-26 13:59:38'),
(264, 6, 'Jaylon Ledner', 'Nobis porro tenetur temporibus voluptatum. Quam possimus amet id autem eius. Ut delectus asperiores eligendi odit expedita asperiores.', 2, '2019-06-26 13:59:38', '2019-06-26 13:59:38'),
(265, 8, 'Mrs. Laurianne Prohaska', 'Omnis quia doloremque voluptatem minima. Asperiores eos est voluptate consequatur qui tempora odio. Rem mollitia omnis sint alias. Atque nulla excepturi accusamus consequatur velit est. Omnis et dignissimos quis.', 4, '2019-06-26 13:59:38', '2019-06-26 13:59:38'),
(266, 1, 'Maurice O\'Conner', 'Quis sit est vel dolor harum quam. Incidunt magni molestiae enim quas voluptatibus deserunt optio. Enim nihil consequatur in molestias laudantium exercitationem et.', 1, '2019-06-26 13:59:38', '2019-06-26 13:59:38'),
(267, 8, 'Diego Zieme', 'Recusandae voluptates sed doloremque aperiam corrupti rerum harum dignissimos. Sunt consequatur ex voluptatum consequatur. Quia numquam fugit cupiditate sed facere.', 4, '2019-06-26 13:59:38', '2019-06-26 13:59:38'),
(268, 8, 'Jon Ortiz', 'Libero laboriosam nemo ipsam in omnis quo. Tempore odio hic perferendis quibusdam sed esse. Amet saepe consequuntur perferendis magnam itaque iure impedit.', 2, '2019-06-26 13:59:38', '2019-06-26 13:59:38'),
(269, 10, 'Kayli Dibbert', 'Dolor quae beatae vitae animi porro sapiente omnis. Sapiente ea molestias tempora ipsam et.', 0, '2019-06-26 13:59:38', '2019-06-26 13:59:38'),
(270, 6, 'Elva Kerluke', 'Molestiae eos ut quae repudiandae. Quia amet maiores maiores ut molestiae provident eligendi voluptas. Voluptatem modi sint sapiente laboriosam. Nostrum expedita nostrum aliquid ratione qui culpa.', 0, '2019-06-26 13:59:38', '2019-06-26 13:59:38'),
(271, 7, 'Mr. Braeden Spencer III', 'Omnis porro sapiente repellat sunt modi accusantium distinctio. Doloribus eius rerum et minima a et explicabo. Natus deleniti distinctio et totam sed quaerat sed. Esse eum sed ut vel voluptatem aut.', 1, '2019-06-26 13:59:38', '2019-06-26 13:59:38'),
(272, 5, 'Brandy Kerluke', 'Ea ea illum asperiores consequatur reprehenderit. Maiores deleniti doloremque illum ut. Praesentium at ut nemo consectetur dolore aut vel. Natus aliquam quam quia quis et nobis assumenda.', 5, '2019-06-26 13:59:38', '2019-06-26 13:59:38'),
(273, 8, 'Dane Bechtelar', 'Sapiente dignissimos voluptatem nisi unde reprehenderit. Rerum ut odio qui itaque adipisci ipsum exercitationem ut.', 5, '2019-06-26 13:59:38', '2019-06-26 13:59:38'),
(274, 5, 'Leatha Lueilwitz', 'Voluptatem quo qui laborum saepe cum perspiciatis et. Ut odio tempora blanditiis et quidem natus. Eum sapiente ut consectetur.', 1, '2019-06-26 13:59:38', '2019-06-26 13:59:38'),
(275, 9, 'Priscilla Howe', 'Eveniet tempora dignissimos aut velit tempora. Commodi quam molestiae nihil similique minima. Et quos nulla excepturi. Cum rem nemo ea ut earum.', 4, '2019-06-26 13:59:39', '2019-06-26 13:59:39'),
(276, 3, 'Buster Parker', 'Saepe accusamus ea est nihil. Dolorem ducimus quos eum quaerat nesciunt exercitationem. Reiciendis ex assumenda voluptas totam adipisci sapiente doloremque. Voluptatibus modi itaque iusto est ad rerum.', 3, '2019-06-26 13:59:39', '2019-06-26 13:59:39'),
(277, 1, 'Annabel Kris', 'Expedita sed doloribus quo. Sit corporis officiis iste. Asperiores dolorem omnis perspiciatis nostrum non libero et labore.', 3, '2019-06-26 13:59:39', '2019-06-26 13:59:39'),
(278, 3, 'Prof. Adalberto Bode I', 'Aut est minima dolorem vel in nesciunt excepturi. Eveniet delectus et saepe molestiae aspernatur eveniet. Atque sed repellat sed corporis voluptatum voluptatem tempore. Quas voluptates dolorum exercitationem similique dolore dicta error.', 0, '2019-06-26 13:59:39', '2019-06-26 13:59:39'),
(279, 10, 'Anastasia Okuneva', 'Enim esse quo inventore cumque aspernatur amet corrupti. Aut quis sed expedita commodi ut tempore itaque reprehenderit. Qui et accusamus repellendus. Adipisci doloribus eos repellendus a vero culpa.', 5, '2019-06-26 13:59:39', '2019-06-26 13:59:39'),
(280, 8, 'Rosie Goodwin', 'Sit quia quaerat corporis et aliquid quia libero. Magnam quasi commodi incidunt dolorum qui et est. Qui ut ipsam qui exercitationem facere inventore doloribus. Fugiat quam ut rerum at quaerat.', 2, '2019-06-26 13:59:39', '2019-06-26 13:59:39'),
(281, 5, 'Darlene Littel', 'Nihil illum quas voluptates numquam. Autem a labore laborum.', 0, '2019-06-26 13:59:39', '2019-06-26 13:59:39'),
(282, 2, 'Abraham Streich', 'Quae excepturi et cupiditate aut ea. Fugit molestiae est voluptatem sequi soluta odit. Voluptatem nesciunt voluptate quam maiores temporibus eaque.', 0, '2019-06-26 13:59:39', '2019-06-26 13:59:39'),
(283, 9, 'Cleve Gerlach', 'Voluptas velit est eum totam id molestiae enim. Et ut tenetur mollitia odio voluptatibus blanditiis minus.', 0, '2019-06-26 13:59:39', '2019-06-26 13:59:39'),
(284, 7, 'Evangeline Huel', 'Ut nihil quia voluptatem aut repudiandae. Commodi totam molestiae et iste suscipit neque nihil dolor. Necessitatibus impedit omnis dolorem in. Praesentium molestiae ipsam aut voluptatem quo porro. Ut iste fugiat aliquid omnis.', 3, '2019-06-26 13:59:39', '2019-06-26 13:59:39'),
(285, 10, 'Dr. Trystan Kulas Jr.', 'Accusamus blanditiis sed qui quo quis est voluptas. Non magni consequatur sed eos qui. Qui nemo sint dolorem.', 0, '2019-06-26 13:59:39', '2019-06-26 13:59:39'),
(286, 3, 'Skylar Dooley', 'Est eligendi magni sed suscipit odio minus. Quo aut numquam et sunt voluptates sint quod. Omnis dolor est ad. Et et accusamus asperiores in aut omnis.', 0, '2019-06-26 13:59:39', '2019-06-26 13:59:39'),
(287, 2, 'Dr. Linwood Gleason Jr.', 'Temporibus unde esse aut mollitia ipsa qui. Ratione repudiandae molestiae odit nobis magni mollitia cum debitis. Nesciunt autem et fugit. Laboriosam eaque dolorem et voluptatibus aut ut quos dolorem.', 2, '2019-06-26 13:59:39', '2019-06-26 13:59:39'),
(288, 6, 'Webster Weissnat', 'Maiores et perspiciatis dolorum hic voluptates officiis minus. Non et delectus sunt ea id quo ut. Et incidunt facere est cumque. Doloremque praesentium repudiandae ex fugit.', 5, '2019-06-26 13:59:39', '2019-06-26 13:59:39'),
(289, 1, 'Rosario Labadie', 'Rerum tempora amet minima et et saepe. Aliquid aut perspiciatis eligendi enim facere. Voluptatum voluptatem quisquam molestias delectus nisi ea.', 2, '2019-06-26 13:59:39', '2019-06-26 13:59:39'),
(290, 10, 'Kylie Gutkowski DVM', 'Expedita deleniti dolorum aperiam ab. Quia esse ea est est eos. Provident est eaque ut sunt repudiandae iusto. Est sint rerum doloribus modi eaque accusantium.', 2, '2019-06-26 13:59:39', '2019-06-26 13:59:39'),
(291, 9, 'Philip Gorczany DDS', 'Omnis provident dolorum minus odit est praesentium. Et quod sit unde cum rerum et impedit. Sit eos optio quia. Aliquid officiis sit exercitationem enim officia molestiae. Pariatur ad aperiam sit consequatur hic nesciunt.', 2, '2019-06-26 13:59:39', '2019-06-26 13:59:39'),
(292, 1, 'Jakob Greenholt', 'Aliquam odit expedita reprehenderit corporis voluptatem temporibus voluptatem facere. Quasi et dolore eum non porro. Ex dolorum perferendis voluptatem odio odio earum.', 0, '2019-06-26 13:59:39', '2019-06-26 13:59:39'),
(293, 1, 'Sigrid Wilderman', 'Ipsum et et eius impedit. Neque alias exercitationem quis et ducimus ipsum autem. Blanditiis earum odio accusantium molestiae. Et illo maxime sint qui. Vero fugiat et vero quaerat et fugiat natus numquam.', 4, '2019-06-26 13:59:39', '2019-06-26 13:59:39'),
(294, 10, 'Addison Veum', 'Asperiores veritatis dicta et esse veniam occaecati quis qui. Similique praesentium veniam velit maiores aut aliquam. Autem tenetur alias corrupti. Consequatur consequatur totam voluptatem voluptatem reiciendis porro.', 3, '2019-06-26 13:59:39', '2019-06-26 13:59:39'),
(295, 2, 'Major Windler', 'Voluptatibus qui neque corrupti sint. Fugit aliquam doloremque molestias minima illum voluptas ipsam. Quia animi ut aut nam aspernatur enim. Vel qui aut porro molestiae.', 2, '2019-06-26 13:59:39', '2019-06-26 13:59:39'),
(296, 5, 'Mrs. Jayne Pacocha', 'Iste aut ipsum cum aut quasi id. Ut quis necessitatibus dolor est ipsa sit. Debitis dolor nihil numquam deserunt dolor itaque reiciendis.', 1, '2019-06-26 13:59:40', '2019-06-26 13:59:40'),
(297, 5, 'Rosa Torp', 'Inventore aut repellat cupiditate hic iure fugiat ab. Tenetur a molestiae necessitatibus est voluptas placeat vel error. Vitae officia provident earum fugit hic quia excepturi. Itaque magni natus necessitatibus nihil tempore.', 1, '2019-06-26 13:59:40', '2019-06-26 13:59:40'),
(298, 1, 'Dr. Cyril Grimes I', 'Doloribus ut expedita repudiandae. Sed hic eum non quos. Voluptatum ut consectetur quod similique eveniet ex soluta. Aut fugit quis in magni.', 2, '2019-06-26 13:59:40', '2019-06-26 13:59:40'),
(299, 8, 'Janelle Spencer', 'Distinctio sit fuga non eum similique reiciendis in totam. Consequatur nihil accusamus ut excepturi sint blanditiis. Necessitatibus nesciunt voluptatibus in officia velit.', 3, '2019-06-26 13:59:40', '2019-06-26 13:59:40'),
(300, 1, 'Karlee Koss', 'Dolor voluptatum nesciunt corporis similique. Non ea nesciunt quis perferendis ea voluptates. Veniam hic sed odio deleniti perferendis temporibus atque distinctio.', 5, '2019-06-26 13:59:40', '2019-06-26 13:59:40'),
(301, 2, 'Mr. Miller Bernier', 'Explicabo facere repellat nihil magnam qui voluptatibus. Enim omnis placeat ut ut nulla ut. Rerum in facere velit vitae voluptatem nostrum. Repudiandae repudiandae enim natus hic explicabo dolorem nisi et.', 0, '2019-06-26 13:59:40', '2019-06-26 13:59:40'),
(302, 10, 'Terrell Bernhard', 'Voluptatem cum occaecati cum nam saepe. Hic incidunt et vel fugiat doloribus. Ipsa blanditiis alias dignissimos magnam et animi.', 1, '2019-06-26 13:59:40', '2019-06-26 13:59:40'),
(303, 1, 'Makenna Brown I', 'Qui dolorem occaecati optio et recusandae sit expedita ullam. Ducimus sunt ut quae. Corporis culpa maiores dolores consequatur. Nihil omnis deleniti qui rerum cumque qui.', 3, '2019-06-26 13:59:40', '2019-06-26 13:59:40'),
(304, 7, 'Simeon Schuppe V', 'Sit et ex dignissimos odit. Laudantium distinctio quia officiis soluta consequatur. Sed praesentium blanditiis et ducimus voluptas sed officiis et.', 4, '2019-06-26 13:59:40', '2019-06-26 13:59:40'),
(305, 9, 'Katelyn Donnelly', 'Enim deleniti reprehenderit non. Illo nam qui enim vel. Tempora similique exercitationem laudantium dolores eum perferendis. Quod reiciendis ipsam dolorem optio ex cupiditate. Amet hic aliquid consectetur quae atque ad.', 1, '2019-06-26 13:59:40', '2019-06-26 13:59:40'),
(306, 2, 'Erling Wunsch', 'Nobis nesciunt ut aperiam. Sit saepe ea laboriosam culpa aut nihil quisquam. Iusto aspernatur ipsum qui porro. Perspiciatis esse explicabo ut minima et sed asperiores.', 0, '2019-06-26 13:59:40', '2019-06-26 13:59:40'),
(307, 4, 'Frances Fritsch', 'Accusamus in ea quam incidunt qui labore. Fuga excepturi corporis cupiditate vitae tempora explicabo et. Sed consectetur et nihil aliquam dolores rerum qui vitae.', 2, '2019-06-26 13:59:40', '2019-06-26 13:59:40'),
(308, 8, 'Mr. Rashad Armstrong DDS', 'Praesentium voluptatem libero tempora nihil id architecto. Iure autem ut maiores maiores doloremque esse. Ipsa et iste eum. Dolore delectus aut aut praesentium tempore voluptatem.', 4, '2019-06-26 13:59:40', '2019-06-26 13:59:40'),
(309, 10, 'Irving Howe', 'Quo eum quia voluptate omnis. Error eum recusandae nihil est inventore illo quia. Blanditiis ut explicabo ut odio dolorem rerum modi repellendus. Ab ipsum magnam magnam laboriosam laborum.', 3, '2019-06-26 13:59:40', '2019-06-26 13:59:40'),
(310, 9, 'Frances Ryan I', 'Ut hic tempora possimus doloribus ullam. Iure temporibus sunt officia. Et commodi et a suscipit officiis laborum inventore ut.', 5, '2019-06-26 13:59:40', '2019-06-26 13:59:40'),
(311, 5, 'Shane Jacobson MD', 'Consequuntur aspernatur perferendis nostrum ut sit. Molestiae sequi minus fugit rerum asperiores corrupti nihil. Illum voluptas voluptatem fugiat et voluptatem dolor. Perspiciatis qui autem quidem voluptatem sunt.', 4, '2019-06-26 13:59:40', '2019-06-26 13:59:40'),
(312, 10, 'Mateo Kozey', 'Deleniti voluptas non enim accusantium ad aspernatur facere. Laborum atque velit minima et voluptatum. Est debitis vel amet sunt animi numquam nisi. Quam iusto enim commodi nam sit. Iste inventore et necessitatibus dolor molestiae officia.', 5, '2019-06-26 13:59:40', '2019-06-26 13:59:40'),
(313, 8, 'Torrance Botsford', 'Commodi quia et adipisci libero non dolorem porro ipsa. Consequatur qui voluptates corrupti sed tenetur nostrum. Dolores autem reprehenderit doloremque dicta.', 4, '2019-06-26 13:59:40', '2019-06-26 13:59:40'),
(314, 3, 'Dr. Penelope Buckridge DDS', 'Distinctio porro iusto praesentium dicta quis sed omnis. Omnis itaque dolores ut. Sed praesentium optio vero error quia magni officiis.', 0, '2019-06-26 13:59:40', '2019-06-26 13:59:40'),
(315, 3, 'Dr. Theron Maggio', 'Repudiandae quis quisquam maxime. Quidem nisi velit quae. Sunt et accusamus incidunt quae.', 5, '2019-06-26 13:59:40', '2019-06-26 13:59:40'),
(316, 5, 'Brendan O\'Conner', 'Sit alias eos molestias fuga doloremque eos magni. Omnis nulla totam quod. Neque perspiciatis quidem ut fugit voluptas quod cupiditate. Amet ab voluptatem deleniti quas nobis velit asperiores. Et illo eos numquam laboriosam blanditiis.', 3, '2019-06-26 13:59:40', '2019-06-26 13:59:40'),
(317, 4, 'Prof. Elinor Muller PhD', 'Et nam id facere cumque et et. Sint sapiente ipsum tenetur fugit est corrupti. Aut sequi voluptatem ut qui laboriosam qui et.', 3, '2019-06-26 13:59:41', '2019-06-26 13:59:41'),
(318, 8, 'Haylie Leannon', 'Assumenda ut est et similique quisquam. Facere fugiat vero sit nemo consequatur mollitia quo aut.', 3, '2019-06-26 13:59:41', '2019-06-26 13:59:41'),
(319, 2, 'Rodrick Luettgen', 'Quas enim perferendis ducimus esse asperiores eveniet optio. Deleniti cupiditate ad natus dignissimos ut molestiae quas non. Quis ut placeat placeat laudantium quisquam.', 4, '2019-06-26 13:59:41', '2019-06-26 13:59:41'),
(320, 3, 'Ike Rutherford', 'Aut labore vel facere nulla nobis. Ipsa rerum minima ipsum assumenda.', 3, '2019-06-26 13:59:41', '2019-06-26 13:59:41'),
(321, 5, 'Aracely Kessler', 'Quis non aut labore impedit veritatis alias perferendis eum. Iusto explicabo provident libero quos omnis amet. Officiis ipsam beatae molestiae odit cumque. Sint incidunt ea et at.', 0, '2019-06-26 13:59:41', '2019-06-26 13:59:41'),
(322, 6, 'Laurianne Wolff', 'Impedit tenetur aut qui voluptatem eius deleniti. Esse cupiditate commodi mollitia mollitia. Perspiciatis odit quaerat optio laudantium.', 0, '2019-06-26 13:59:41', '2019-06-26 13:59:41'),
(323, 7, 'Lonie Schmitt', 'Veniam quaerat hic eos totam. Praesentium corrupti nihil eum ipsum cum exercitationem et.', 2, '2019-06-26 13:59:41', '2019-06-26 13:59:41'),
(324, 1, 'Mr. Bernard Mayert MD', 'Et aut nihil delectus eos. Doloribus aliquam voluptas et hic provident. Voluptatem tenetur voluptatem natus dolores et. Molestiae possimus non quo.', 2, '2019-06-26 13:59:41', '2019-06-26 13:59:41'),
(325, 9, 'Name Wiegand', 'A architecto aut non omnis esse itaque. Dolorem similique in iste aut.', 2, '2019-06-26 13:59:41', '2019-06-26 13:59:41'),
(326, 10, 'Lloyd Hammes', 'Vero est voluptatem in molestiae. Voluptatem consequatur vero mollitia consequatur aut totam voluptatum. Dolor corrupti est et fugiat quae consequatur nisi earum. Sint aut et id eius.', 4, '2019-06-26 13:59:41', '2019-06-26 13:59:41'),
(327, 8, 'Jerald Abernathy', 'Placeat molestias qui quo recusandae suscipit nulla soluta in. Iste voluptatum eaque porro a deserunt. Dicta aut odit eum hic omnis.', 3, '2019-06-26 13:59:41', '2019-06-26 13:59:41'),
(328, 9, 'Ms. Lera Lubowitz MD', 'Aperiam enim consequatur aut tempora enim ab eum. Facilis est quam perspiciatis et quod quasi. Perferendis voluptates aliquam distinctio unde.', 5, '2019-06-26 13:59:41', '2019-06-26 13:59:41'),
(329, 4, 'Mozelle Mitchell', 'Corporis animi eum quia sed. Voluptate cupiditate fugiat sit corrupti laboriosam. Placeat temporibus corrupti rerum rerum accusantium ut. Inventore quis dolores delectus. Deleniti quia velit praesentium et sit ut dolorum.', 3, '2019-06-26 13:59:41', '2019-06-26 13:59:41'),
(330, 3, 'Caitlyn Cruickshank', 'Natus iusto et omnis quod autem sit est. Quibusdam magni fuga ut officia doloribus. Quibusdam et cupiditate quia ut.', 3, '2019-06-26 13:59:41', '2019-06-26 13:59:41'),
(331, 4, 'David Price Jr.', 'Aut quia consequuntur expedita est ipsam dignissimos ut. Labore enim sunt omnis magni culpa rem inventore. Nihil eaque recusandae reiciendis animi cupiditate sunt culpa maiores.', 3, '2019-06-26 13:59:41', '2019-06-26 13:59:41'),
(332, 5, 'Jerel Stroman', 'Et architecto molestias nihil est. Minima soluta minima nulla beatae quam architecto dolore porro. Quos quia aut voluptas architecto tempora. Aut facilis libero voluptatem sed.', 2, '2019-06-26 13:59:41', '2019-06-26 13:59:41'),
(333, 10, 'Patricia Lind', 'Voluptate eveniet asperiores omnis quia velit ut sed. Accusamus eligendi accusantium id quia iste. Excepturi animi ducimus voluptatum ut.', 4, '2019-06-26 13:59:41', '2019-06-26 13:59:41'),
(334, 10, 'Ms. Leatha Romaguera', 'Natus ut odio consequatur suscipit et. Soluta accusamus veritatis qui eos aliquid earum. Rerum molestiae ut sapiente necessitatibus. Placeat tempora aut qui dolorem.', 2, '2019-06-26 13:59:41', '2019-06-26 13:59:41'),
(335, 2, 'Dr. Cydney Parisian MD', 'Veniam sit architecto repellendus nobis aut. Sed dolores fugit ut odit expedita quaerat sed. Ut in aut sunt voluptatem corrupti autem.', 1, '2019-06-26 13:59:41', '2019-06-26 13:59:41'),
(336, 3, 'Karl Marquardt', 'Dolor et aliquam dolore possimus. Asperiores quis dolor autem deleniti sunt atque. Est modi praesentium ullam repellat ipsam.', 4, '2019-06-26 13:59:41', '2019-06-26 13:59:41'),
(337, 2, 'Dr. Macie Ortiz DVM', 'In voluptas placeat aut ut animi sunt sunt. Aut corrupti sit dignissimos vitae. Repudiandae inventore magnam ratione id molestiae eaque labore.', 2, '2019-06-26 13:59:41', '2019-06-26 13:59:41'),
(338, 3, 'Hollie Barrows', 'Aspernatur ut ut quasi. Hic vitae et vel voluptate velit omnis. Occaecati dolores temporibus possimus velit cupiditate culpa. Eos deleniti dignissimos rerum quia quia.', 2, '2019-06-26 13:59:41', '2019-06-26 13:59:41'),
(339, 10, 'Vincenza Shields', 'Perspiciatis soluta et est sunt enim recusandae labore. Neque amet quia accusamus hic. Odio culpa voluptas ut dolor ut.', 3, '2019-06-26 13:59:42', '2019-06-26 13:59:42'),
(340, 10, 'Zoe Nikolaus Sr.', 'Harum officiis quaerat voluptatem nemo. Omnis rem vitae laudantium dolores ipsa saepe quisquam. Et cum blanditiis laborum at ullam aut voluptas. Voluptas et a iure et vel nisi doloribus possimus.', 4, '2019-06-26 13:59:42', '2019-06-26 13:59:42'),
(341, 8, 'Mr. Jevon Schneider', 'In optio sit fuga consequuntur enim aspernatur. Mollitia reprehenderit corrupti ab sint asperiores. Consequuntur officiis quas animi et non placeat. Dolorem beatae voluptatem iure aut modi dolore.', 1, '2019-06-26 13:59:42', '2019-06-26 13:59:42'),
(342, 3, 'Prof. Asha Cruickshank II', 'Voluptatem perspiciatis et temporibus ut harum. Quod quasi dignissimos commodi. Iste non necessitatibus et porro molestiae.', 1, '2019-06-26 13:59:42', '2019-06-26 13:59:42'),
(343, 7, 'Dwight Bednar', 'Pariatur qui earum nobis veritatis totam dolore accusamus. Dolor consectetur qui rerum voluptatem. Nemo dolor nesciunt culpa nam quas sint eos.', 3, '2019-06-26 13:59:42', '2019-06-26 13:59:42'),
(344, 2, 'Ms. Fannie Smitham', 'Voluptas nam et quas omnis amet praesentium. Cupiditate aut magnam est et rerum. Natus officiis quo consectetur debitis ut non optio molestias.', 4, '2019-06-26 13:59:42', '2019-06-26 13:59:42'),
(345, 7, 'Mrs. Josefina O\'Kon', 'Et ullam qui ut beatae totam cupiditate. Vero dolorum quia accusamus qui voluptatem. Sapiente vitae itaque facere delectus et.', 0, '2019-06-26 13:59:42', '2019-06-26 13:59:42'),
(346, 10, 'Aric Gleason', 'Itaque corrupti nostrum enim qui qui debitis necessitatibus. Distinctio itaque non assumenda consequatur quia nisi aliquam. Doloribus consequatur suscipit est quia recusandae pariatur necessitatibus debitis.', 3, '2019-06-26 13:59:42', '2019-06-26 13:59:42'),
(347, 3, 'Edythe Gleichner DVM', 'Ut autem sint et earum enim dolores debitis illum. Incidunt aliquid est quas cum vel sit sint deserunt. Doloribus odit minima et neque magnam.', 4, '2019-06-26 13:59:42', '2019-06-26 13:59:42'),
(348, 2, 'Ashtyn Turcotte', 'Saepe aperiam accusamus tenetur tenetur. Veritatis non voluptas sed cupiditate ratione. Maiores dolor recusandae quos cupiditate repudiandae eos.', 3, '2019-06-26 13:59:42', '2019-06-26 13:59:42'),
(349, 1, 'Dr. Erling Koss', 'Voluptatem et deserunt provident nulla. Numquam quas et et voluptas repellendus error autem quos. Placeat voluptatem dolorem voluptates deserunt blanditiis. Omnis enim laudantium omnis porro ut non. Odit esse consectetur iusto possimus laudantium omnis saepe.', 2, '2019-06-26 13:59:42', '2019-06-26 13:59:42'),
(350, 10, 'Kamron Okuneva', 'Omnis fugiat et deserunt eaque. Autem laborum impedit illo est deleniti hic tempora. Fugit sit error voluptate fugiat. Inventore eum ullam saepe ut.', 3, '2019-06-26 13:59:42', '2019-06-26 13:59:42'),
(351, 3, 'Ms. Eldora Parisian', 'Voluptatibus optio adipisci veritatis dolore laborum id inventore. Et rerum id laudantium minus aut eum impedit similique. Occaecati veritatis minima error reiciendis recusandae sequi nisi.', 4, '2019-06-26 13:59:42', '2019-06-26 13:59:42'),
(352, 1, 'Tabitha Gusikowski', 'Qui qui quo atque quia velit cum velit. Voluptas provident quasi sapiente accusantium atque. Fuga facere optio rerum ut nulla sit.', 0, '2019-06-26 13:59:42', '2019-06-26 13:59:42'),
(353, 2, 'Philip Rau', 'Iure non vel unde. Tempore quam delectus suscipit. Officia voluptatem et maxime expedita temporibus.', 3, '2019-06-26 13:59:42', '2019-06-26 13:59:42'),
(354, 9, 'Franz Walker II', 'Quae in quam et ullam. Placeat est qui cumque culpa. Aut odit non temporibus explicabo enim ipsam dolorum dolores. Vel aliquam aut aspernatur qui.', 5, '2019-06-26 13:59:42', '2019-06-26 13:59:42'),
(355, 8, 'Prof. Efrain Kohler', 'Repellendus provident doloribus labore itaque facilis at hic. Velit rerum in sed. Commodi ut facere est debitis aut est et aut. Ea non dolor et fugit.', 1, '2019-06-26 13:59:42', '2019-06-26 13:59:42'),
(356, 3, 'Casimer Doyle', 'Ut praesentium sit id sint. Neque sed enim esse ut consequuntur non perspiciatis fugiat. Itaque ullam itaque eum expedita quae minima quae. Itaque rem vero cumque ea saepe.', 3, '2019-06-26 13:59:43', '2019-06-26 13:59:43'),
(357, 4, 'Dangelo Brekke', 'Debitis quod et et accusamus voluptas. Earum et voluptatem accusantium molestiae. Et ad impedit maxime est consequatur in.', 2, '2019-06-26 13:59:43', '2019-06-26 13:59:43'),
(358, 1, 'Elinore Cruickshank', 'Commodi suscipit dolores consequatur molestias. Provident et molestias dolores possimus quaerat. Id dolorum et iste culpa voluptates.', 0, '2019-06-26 13:59:43', '2019-06-26 13:59:43'),
(359, 2, 'Miss Elmira Huel', 'Officia officiis rem unde temporibus autem doloremque in. Aspernatur soluta reiciendis quis ducimus expedita voluptate. Ea vero quo quos et inventore officiis. Eos ut vel commodi.', 1, '2019-06-26 13:59:43', '2019-06-26 13:59:43'),
(360, 9, 'Bryon Stroman I', 'Unde enim nobis laboriosam illo cum in sequi. Quis quaerat et impedit dolores qui suscipit voluptate assumenda. Et eius ab quo quae. Praesentium quae error nostrum velit nostrum unde. Unde ut nesciunt qui dolorem repudiandae deserunt perspiciatis natus.', 4, '2019-06-26 13:59:43', '2019-06-26 13:59:43'),
(361, 8, 'Dr. Niko Koelpin', 'Ducimus atque exercitationem est quidem ut alias. Consequatur consequatur sunt laborum quasi est sapiente sequi aut. Ab recusandae harum quia sint. Accusantium in est id reprehenderit ullam ullam.', 0, '2019-06-26 13:59:43', '2019-06-26 13:59:43'),
(362, 4, 'Miss Kaela Jerde Sr.', 'Magnam et repellat dolore numquam aliquam saepe. Culpa alias modi dignissimos ad ea fugiat.', 2, '2019-06-26 13:59:43', '2019-06-26 13:59:43'),
(363, 9, 'Garrett Nitzsche PhD', 'Non ut unde ut voluptas non reiciendis. Corporis quisquam ut vitae nulla. Distinctio ipsam tempora aut mollitia amet. Nemo eveniet accusamus sed.', 5, '2019-06-26 13:59:43', '2019-06-26 13:59:43'),
(364, 1, 'Jackeline Weimann', 'Est a molestiae nesciunt error asperiores aut. Dolore atque voluptatem quis voluptate eaque quis aut ipsa. Ipsum excepturi similique et. Sequi nihil quas ea saepe dicta.', 1, '2019-06-26 13:59:43', '2019-06-26 13:59:43'),
(365, 8, 'Prof. Judah Hessel DDS', 'Quod minus placeat perferendis aspernatur est corrupti. Quo tempora quia aut rerum. Suscipit quas ut at id ad eos.', 2, '2019-06-26 13:59:43', '2019-06-26 13:59:43'),
(366, 3, 'Alexys Emard', 'Reprehenderit voluptate et nisi nemo quos. Suscipit vel dolore facilis rerum quia. Esse ut velit est vero quod. Explicabo error sit aperiam.', 1, '2019-06-26 13:59:43', '2019-06-26 13:59:43'),
(367, 3, 'Simeon Bruen', 'Cum fugiat ipsa velit sit quisquam quos. Et aliquid voluptatum consequatur beatae. Enim distinctio inventore suscipit error enim sit.', 2, '2019-06-26 13:59:43', '2019-06-26 13:59:43'),
(368, 6, 'Maxine Tremblay', 'Earum tempora et ad repellat. Dolores dolore sunt repellendus in. Rerum et inventore aliquam tempore voluptatem nesciunt veritatis. Sit nemo voluptas ipsum adipisci possimus aut eos quibusdam.', 4, '2019-06-26 13:59:43', '2019-06-26 13:59:43'),
(369, 4, 'Haylie Grant', 'Dolorum facere placeat aut quia. Ullam nemo ipsum distinctio optio dolorem atque illo velit. Placeat eaque qui ut nesciunt. Assumenda quia nostrum illo et ipsam ut quas.', 0, '2019-06-26 13:59:43', '2019-06-26 13:59:43'),
(370, 8, 'Roger Dietrich', 'Atque mollitia sit ratione sed repudiandae. Quos eligendi iste pariatur ad consectetur suscipit. Officiis omnis et nisi sed. Voluptatibus nobis similique nemo consequuntur blanditiis rerum.', 0, '2019-06-26 13:59:44', '2019-06-26 13:59:44'),
(371, 2, 'Prof. Rahul Vandervort DVM', 'Doloremque aut laboriosam ipsa qui aliquid hic. Nostrum ad consectetur voluptatum eum. Porro vel quasi recusandae et est qui.', 0, '2019-06-26 13:59:44', '2019-06-26 13:59:44'),
(372, 8, 'Neva Mohr Sr.', 'A saepe accusamus doloremque beatae optio debitis quos. Culpa numquam quod occaecati quis asperiores. Sunt doloribus nostrum rerum fuga dolore quaerat. Sunt ab est eveniet qui quia enim. Non perspiciatis adipisci eum eligendi.', 1, '2019-06-26 13:59:44', '2019-06-26 13:59:44'),
(373, 9, 'Noemie Bergnaum', 'Consectetur nesciunt reprehenderit ut quia deleniti. Exercitationem sed quaerat pariatur sit est autem vero accusamus. Ut quos saepe in et tempora.', 2, '2019-06-26 13:59:44', '2019-06-26 13:59:44'),
(374, 7, 'Lottie O\'Hara DDS', 'Corrupti fugit sint ullam. Sunt aspernatur eum molestiae sed repudiandae. Accusamus est at soluta soluta et consequatur. Possimus qui sunt voluptatibus dolores architecto ut et placeat.', 1, '2019-06-26 13:59:44', '2019-06-26 13:59:44'),
(375, 5, 'Dominic Ruecker Jr.', 'Mollitia aut ipsum nam adipisci sunt et ut. Eos molestiae rem est odit nulla quo molestias. Et fugit quae harum repellat quis. Libero nemo unde eveniet rem officia.', 3, '2019-06-26 13:59:44', '2019-06-26 13:59:44'),
(376, 10, 'Oswaldo Wiegand', 'Nam eum hic cumque sed est occaecati sint. Omnis cum quas consequatur similique delectus temporibus aliquid. Blanditiis exercitationem eum et dignissimos nisi ipsam optio.', 3, '2019-06-26 13:59:44', '2019-06-26 13:59:44'),
(377, 2, 'Selena Schinner', 'Qui asperiores odit voluptatibus omnis eos praesentium. Ipsum pariatur occaecati rerum explicabo aliquid vitae assumenda iste. Explicabo illo ea dolores maiores fuga. Id animi in sed ut impedit eum animi ipsam.', 2, '2019-06-26 13:59:44', '2019-06-26 13:59:44'),
(378, 9, 'Karlee Bahringer', 'Molestiae omnis velit eveniet quae velit minus et. Quae ullam minus officiis quia sed dolorem velit. Voluptas eligendi ad omnis mollitia et nihil. Nihil natus rerum est.', 1, '2019-06-26 13:59:44', '2019-06-26 13:59:44'),
(379, 2, 'Mr. Jillian Herzog IV', 'Omnis expedita quia aut dolor. Et nostrum dolor sint eveniet nihil. Amet qui molestiae incidunt deleniti.', 0, '2019-06-26 13:59:44', '2019-06-26 13:59:44'),
(380, 5, 'Dr. Kenyon Thompson', 'Et perferendis in et voluptas et aut. Porro fugit ab assumenda quo maiores architecto. Id rerum dignissimos doloribus.', 0, '2019-06-26 13:59:44', '2019-06-26 13:59:44'),
(381, 9, 'Mrs. Britney Murazik', 'Exercitationem et id quo voluptas. Dolores esse officiis et voluptatem distinctio voluptas et eveniet. Perferendis corrupti minus et maxime. Neque nobis aliquid quis et nisi.', 0, '2019-06-26 13:59:44', '2019-06-26 13:59:44'),
(382, 1, 'Amir Herzog Jr.', 'Ut commodi quia saepe excepturi possimus. Quam pariatur facere provident illo. Et id ut consequuntur ut velit numquam. Fugiat eos quia corrupti facilis nihil.', 0, '2019-06-26 13:59:44', '2019-06-26 13:59:44'),
(383, 6, 'Ms. Abigail Little', 'Possimus nihil itaque iure vero est modi. Dolorum qui voluptatem doloribus sed quisquam praesentium rem. Repellendus libero sint sunt autem placeat consequatur.', 3, '2019-06-26 13:59:44', '2019-06-26 13:59:44'),
(384, 1, 'Roscoe Koelpin', 'Corporis odit amet quo ut at. Nihil sed at et ut consequuntur. Sunt iusto voluptatem voluptatum molestias.', 5, '2019-06-26 13:59:44', '2019-06-26 13:59:44'),
(385, 8, 'Gene Kuhic', 'Accusantium et perferendis eius rerum. Et molestiae perspiciatis adipisci vel aliquid repudiandae. Suscipit sunt vel veritatis eum velit voluptatem. Ut sunt unde asperiores aut aliquid.', 3, '2019-06-26 13:59:44', '2019-06-26 13:59:44'),
(386, 9, 'Miss Catherine Harvey PhD', 'Sequi quaerat praesentium ad quia vero nobis accusantium. Sunt autem autem tempora quo quasi at. Ab laboriosam laudantium hic provident sapiente.', 5, '2019-06-26 13:59:44', '2019-06-26 13:59:44'),
(387, 3, 'Bailey Friesen', 'Temporibus vel odit ut vitae et. Sit rem sint officiis dolor quo. Qui provident molestiae tenetur.', 2, '2019-06-26 13:59:44', '2019-06-26 13:59:44'),
(388, 2, 'Prof. Clint Streich', 'Ut assumenda tempora cum ratione qui aut aperiam. Corrupti sit maxime praesentium qui dignissimos aut enim necessitatibus. Non corporis ut assumenda aspernatur reiciendis totam. Aliquid aut praesentium illum recusandae et quo.', 5, '2019-06-26 13:59:45', '2019-06-26 13:59:45'),
(389, 9, 'Clarissa Jerde', 'Et et blanditiis est. Harum provident rerum repellat culpa molestias in cumque. Occaecati possimus dolores enim et magnam.', 3, '2019-06-26 13:59:45', '2019-06-26 13:59:45'),
(390, 6, 'Jabari Bartoletti', 'Distinctio officia consequatur qui et. Sit commodi tenetur similique quidem. Nemo aut inventore voluptatibus aut corporis. Voluptatem esse ut accusantium nobis. Atque autem magni in.', 1, '2019-06-26 13:59:45', '2019-06-26 13:59:45'),
(391, 10, 'Dr. Esta Macejkovic', 'Eveniet placeat voluptatum repudiandae molestiae. Reprehenderit quos alias illo sunt enim. Deleniti pariatur at sapiente accusantium.', 1, '2019-06-26 13:59:45', '2019-06-26 13:59:45'),
(392, 3, 'Wade Ritchie', 'Molestiae enim eius molestiae voluptate quia impedit eaque. Eius temporibus id soluta doloribus nostrum voluptas. Praesentium labore quasi debitis possimus deserunt qui voluptates.', 2, '2019-06-26 13:59:45', '2019-06-26 13:59:45'),
(393, 9, 'Dejah Beatty', 'Sed vitae fuga nostrum iure quam. Id vero nihil vitae. Tempora quia libero quisquam quam repudiandae molestiae consequatur dolores.', 2, '2019-06-26 13:59:45', '2019-06-26 13:59:45'),
(394, 3, 'Prof. Nelson Price PhD', 'Saepe eveniet nihil laudantium. Ut similique ut quos sed ut.', 4, '2019-06-26 13:59:45', '2019-06-26 13:59:45'),
(395, 9, 'Annie Wolff', 'Non autem numquam non officiis. Voluptatem qui ipsam labore ab quis accusamus mollitia. Adipisci dolorum in inventore nihil ut fuga. Molestiae maiores ducimus omnis commodi autem.', 0, '2019-06-26 13:59:45', '2019-06-26 13:59:45'),
(396, 4, 'Brenda Kilback', 'Velit officiis atque aut iste amet. Quo est non non et dolorem esse suscipit. Atque illum aspernatur quisquam atque at et. Ipsa dicta id ut.', 0, '2019-06-26 13:59:45', '2019-06-26 13:59:45'),
(397, 6, 'Dr. Connor Tremblay DDS', 'Cum placeat tempore aut iusto voluptatem. Velit ipsa itaque dolores temporibus a. Commodi rerum corporis tenetur. Autem doloremque quas illo libero animi.', 1, '2019-06-26 13:59:45', '2019-06-26 13:59:45'),
(398, 7, 'Mr. Lorenzo Huel', 'Aspernatur quia suscipit libero enim odio fugiat nemo voluptatibus. Voluptas quia in ut earum accusantium deleniti. Nam qui eos voluptatem et rem. Non quidem est qui veniam praesentium voluptatem tempora.', 4, '2019-06-26 13:59:45', '2019-06-26 13:59:45'),
(399, 8, 'Tremaine Gusikowski', 'Quam eos tenetur nisi. Voluptate neque et accusamus explicabo dignissimos. At reiciendis sed velit veniam non nihil.', 4, '2019-06-26 13:59:45', '2019-06-26 13:59:45'),
(400, 2, 'Arthur Skiles', 'Consequatur quo laudantium corrupti in. Rerum in aut nisi dolore. Blanditiis veritatis culpa provident adipisci dolorem nulla fuga recusandae.', 3, '2019-06-26 13:59:45', '2019-06-26 13:59:45'),
(401, 3, 'Jett Cummerata', 'Dolorem ut iusto rerum perspiciatis dolorem consectetur qui. Earum quis doloremque voluptatem voluptatem qui voluptatem est qui. Eum consequatur aut quis libero tempora quia corrupti.', 3, '2019-06-26 13:59:45', '2019-06-26 13:59:45'),
(402, 3, 'Khalil Wolf', 'Dolor repudiandae eum atque porro quia aliquid quos. Eum quibusdam tempore rerum possimus sed reprehenderit. Dolore qui nemo non.', 0, '2019-06-26 13:59:45', '2019-06-26 13:59:45'),
(403, 10, 'Elmo Stracke', 'Voluptatem possimus reprehenderit eum. Sequi ex occaecati voluptatem optio esse velit. Dolorem deleniti dolorem veritatis voluptas quas. Blanditiis commodi enim quae magnam sunt. Sed dolore commodi deleniti necessitatibus.', 4, '2019-06-26 13:59:45', '2019-06-26 13:59:45'),
(404, 3, 'Flossie Koss', 'Possimus ut repellat nisi fugit laboriosam. Quos ipsum sunt necessitatibus beatae quod facere. Laudantium quibusdam dolores quod et laborum est ipsa. Et incidunt nihil nemo dolor.', 5, '2019-06-26 13:59:46', '2019-06-26 13:59:46'),
(405, 1, 'Wallace Marquardt MD', 'Consequuntur ipsum consequatur explicabo quia ratione sit sapiente. Nam necessitatibus unde ipsam omnis occaecati error. Omnis tempora excepturi voluptatem placeat omnis recusandae adipisci.', 3, '2019-06-26 13:59:46', '2019-06-26 13:59:46'),
(406, 5, 'Gia Gibson', 'Quia possimus et consequuntur molestiae. Sit aut rerum quasi quibusdam ut eum. Rem molestiae esse eveniet nisi. Natus dolores aut vitae facilis et.', 0, '2019-06-26 13:59:46', '2019-06-26 13:59:46'),
(407, 7, 'Tyra Boehm', 'Placeat animi quod aut minus dolores dolorum fuga eveniet. Inventore totam fuga assumenda maxime voluptatum voluptate non. Veritatis officia eaque ut voluptas earum totam nihil minus. Rerum ut tempora officia exercitationem corporis fugiat voluptatibus perspiciatis.', 2, '2019-06-26 13:59:46', '2019-06-26 13:59:46'),
(408, 10, 'Marquise Kreiger', 'Odit optio neque recusandae excepturi. Nihil animi ut enim. Rem adipisci est ut quo. Quidem deserunt quos officiis mollitia non.', 1, '2019-06-26 13:59:46', '2019-06-26 13:59:46'),
(409, 8, 'Mrs. Kaia Jerde PhD', 'Nemo voluptatem nemo sit veritatis. Omnis tempore quibusdam nemo accusantium. Laudantium aliquam placeat consequatur quibusdam quas rerum. Dolor ducimus nobis modi a.', 2, '2019-06-26 13:59:46', '2019-06-26 13:59:46'),
(410, 5, 'Flossie Ritchie', 'Aut omnis quibusdam dolore rem. Dolorem explicabo tempora nesciunt id voluptates illum natus.', 5, '2019-06-26 13:59:46', '2019-06-26 13:59:46'),
(411, 3, 'Kellie Pacocha', 'Modi placeat enim ratione natus ex ipsam. Similique dolores fugit rem incidunt est. Laudantium a aut eum quo eius magnam ex.', 4, '2019-06-26 13:59:46', '2019-06-26 13:59:46'),
(412, 6, 'Brain Schultz', 'Qui quia sit harum deleniti. Voluptas qui architecto quia dolore et vel. Earum quas dolorum sequi hic consequatur totam voluptas.', 4, '2019-06-26 13:59:46', '2019-06-26 13:59:46'),
(413, 6, 'Dr. Demario Grimes', 'Suscipit maiores minus iste illo. Et similique cumque distinctio numquam non adipisci beatae. Vitae eveniet magnam quis sit voluptas non. Hic rerum et nemo laboriosam veritatis.', 2, '2019-06-26 13:59:46', '2019-06-26 13:59:46'),
(414, 3, 'Jennyfer Deckow', 'Repellat et sed ducimus aut rerum et ex ut. Et et aut exercitationem magni perferendis eveniet. Et earum similique quia ipsa assumenda quis nihil. Voluptatem harum eius ratione quidem recusandae quia exercitationem.', 4, '2019-06-26 13:59:46', '2019-06-26 13:59:46'),
(415, 5, 'Kariane Ernser', 'Incidunt dignissimos commodi culpa deleniti exercitationem. Amet voluptas repudiandae fugiat quis. Sit consequuntur cum deleniti id eos minima. Repellendus ut assumenda a qui pariatur qui modi.', 1, '2019-06-26 13:59:46', '2019-06-26 13:59:46'),
(416, 5, 'Alberta Deckow Jr.', 'Occaecati dignissimos commodi omnis modi. Alias voluptate dignissimos voluptate eos nobis veritatis ut. Ratione ab sed vel libero.', 5, '2019-06-26 13:59:46', '2019-06-26 13:59:46'),
(417, 6, 'Madisyn Cole', 'Eaque laboriosam dolores quas rem assumenda similique dolores. Atque voluptatem aut exercitationem qui. Consequatur et eaque laboriosam aut iste.', 0, '2019-06-26 13:59:46', '2019-06-26 13:59:46'),
(418, 1, 'Ms. Breanne Tillman', 'Voluptas rerum quo perspiciatis dolore quaerat id. Necessitatibus aliquid est et quia facere qui ex non. Aliquid et consequuntur ducimus accusamus.', 3, '2019-06-26 13:59:46', '2019-06-26 13:59:46'),
(419, 1, 'Sarai Hirthe', 'Qui assumenda impedit vel itaque odit aut. Veniam facere aut iste quas. Quasi ratione nulla corrupti dignissimos possimus corrupti sed quo. Mollitia ut voluptates magnam suscipit necessitatibus cupiditate et est.', 3, '2019-06-26 13:59:46', '2019-06-26 13:59:46');
INSERT INTO `reviews` (`id`, `product_id`, `customer`, `review`, `star`, `created_at`, `updated_at`) VALUES
(420, 1, 'Miss Maye Bashirian', 'Et saepe enim sit similique architecto labore. Rerum dignissimos enim amet quasi omnis commodi molestias. Doloribus cum dolorem est voluptatibus labore id. Non et aut ipsum.', 2, '2019-06-26 13:59:46', '2019-06-26 13:59:46'),
(421, 10, 'Malinda Nader III', 'Aliquam labore ab rem. Rerum repellat vitae culpa magnam esse. Distinctio aliquid repellendus quae sed sed. Corporis occaecati tempore libero voluptas veritatis totam officiis.', 3, '2019-06-26 13:59:47', '2019-06-26 13:59:47'),
(422, 1, 'Jacquelyn Mosciski', 'Deleniti architecto dolorum ipsam sint omnis. Et ducimus hic ea repellendus voluptatibus. Repellendus reiciendis possimus eligendi quia cumque perspiciatis.', 3, '2019-06-26 13:59:47', '2019-06-26 13:59:47'),
(423, 2, 'Dameon Veum', 'Voluptatibus voluptas velit quia repellat harum corporis. In perferendis consectetur porro corrupti et tempora. Libero atque provident sed. Est ullam velit porro sint nesciunt.', 3, '2019-06-26 13:59:47', '2019-06-26 13:59:47'),
(424, 3, 'Selmer Kautzer', 'Illo laborum delectus sit ea cum totam. Optio qui nulla aut dolores iste recusandae. Consectetur minima hic sed dolor animi neque.', 1, '2019-06-26 13:59:47', '2019-06-26 13:59:47'),
(425, 10, 'Annabel Kshlerin', 'Est voluptatem optio tempora nam omnis. Soluta praesentium in quis dicta ut iusto nihil sequi. Quia facere fugit numquam harum molestiae qui accusamus illum. Debitis sequi quam nulla.', 5, '2019-06-26 13:59:47', '2019-06-26 13:59:47'),
(426, 3, 'Jay Collier', 'Et inventore velit inventore qui. Explicabo sunt earum laboriosam dolorum qui maxime. Eius consequuntur ut maxime eveniet eligendi a quo. Cumque est fuga ipsum ullam numquam quibusdam temporibus quia.', 5, '2019-06-26 13:59:47', '2019-06-26 13:59:47'),
(427, 5, 'Syble Abbott', 'Aut doloremque asperiores qui sunt. Enim quam est consequuntur rerum nemo qui natus. Quia molestiae sunt sit ipsam et suscipit ipsa assumenda. Ea ut labore temporibus nostrum.', 0, '2019-06-26 13:59:47', '2019-06-26 13:59:47'),
(428, 6, 'Emile Koepp I', 'Culpa reprehenderit ipsam voluptate voluptas quibusdam asperiores. Praesentium exercitationem qui optio molestiae voluptatem eaque modi et. Minus magnam incidunt distinctio aliquam ab omnis ea.', 0, '2019-06-26 13:59:47', '2019-06-26 13:59:47'),
(429, 8, 'Dr. Shannon Cronin', 'Eius ipsum assumenda quia eligendi. Rerum rerum reiciendis omnis qui. Aliquam deleniti dignissimos necessitatibus impedit. Quia consequatur necessitatibus optio voluptatem alias fugiat sed.', 2, '2019-06-26 13:59:47', '2019-06-26 13:59:47'),
(430, 6, 'Florine Jerde I', 'Omnis doloremque in sapiente enim delectus animi id. Perferendis ipsum et cumque corporis qui. Placeat dignissimos aut commodi officia. At molestias qui quae iusto quibusdam placeat distinctio. Et iure quia quo beatae fugit blanditiis quibusdam.', 1, '2019-06-26 13:59:47', '2019-06-26 13:59:47'),
(431, 5, 'Wilfred Fahey', 'Est fugit maxime qui nemo est. Assumenda aut id ipsa deleniti. Corporis soluta eum saepe magnam sit est vel tempore.', 4, '2019-06-26 13:59:47', '2019-06-26 13:59:47'),
(432, 1, 'Karelle Johnson', 'Commodi illum deserunt quia ut voluptatum harum voluptates nostrum. Et porro nulla praesentium aut sed animi nemo odio. Perspiciatis itaque est assumenda quas aut.', 3, '2019-06-26 13:59:47', '2019-06-26 13:59:47'),
(433, 10, 'Seamus Pouros', 'Hic minima facere sit voluptatem suscipit. Neque similique sit sed rerum. Modi et laboriosam similique placeat.', 2, '2019-06-26 13:59:47', '2019-06-26 13:59:47'),
(434, 8, 'Elwyn Carter Jr.', 'Molestias temporibus sed aut totam pariatur. Facilis sunt in in esse. A impedit laboriosam porro labore.', 0, '2019-06-26 13:59:47', '2019-06-26 13:59:47'),
(435, 4, 'Malachi Kilback', 'Velit nobis quis voluptatibus et. Non est ex sed. Error in deleniti sint at qui sapiente.', 3, '2019-06-26 13:59:48', '2019-06-26 13:59:48'),
(436, 1, 'Precious Muller', 'Quidem assumenda consequuntur quisquam voluptates inventore aperiam ut. Nisi exercitationem ex iure quam consectetur quia. Error aut voluptas dolorem corrupti illo est.', 2, '2019-06-26 13:59:48', '2019-06-26 13:59:48'),
(437, 2, 'Aletha Klein Jr.', 'Dolorem molestiae eligendi tempore dolores. Officiis laudantium illo sunt quibusdam quaerat itaque. Nihil omnis deleniti quibusdam ullam ut. Est nesciunt enim suscipit.', 1, '2019-06-26 13:59:48', '2019-06-26 13:59:48'),
(438, 4, 'Callie Pfeffer Jr.', 'Perspiciatis nihil quo nihil reiciendis sed est aliquid. Facilis omnis quia impedit autem facere labore. Sapiente placeat et fugit. Non qui et et minima omnis nam.', 1, '2019-06-26 13:59:48', '2019-06-26 13:59:48'),
(439, 4, 'Hilario Breitenberg DDS', 'Voluptate illo amet qui facilis sequi fugit. Perspiciatis possimus id velit similique consequuntur omnis. Consequatur iusto odio deleniti vel voluptas.', 1, '2019-06-26 13:59:48', '2019-06-26 13:59:48'),
(440, 4, 'Mr. Jayce Hegmann IV', 'Fugit voluptatem sed ut qui aperiam. Autem quidem autem sit accusantium sed quidem. Id et exercitationem et molestias beatae. At hic nobis rem dolorum nemo voluptatem incidunt.', 3, '2019-06-26 13:59:48', '2019-06-26 13:59:48'),
(441, 8, 'Abbigail Feest', 'Quo non et sit consectetur pariatur explicabo cupiditate ea. Doloribus harum quasi harum sint aut exercitationem. Molestiae dolore laborum debitis ipsam. Dolor non aut quos debitis eos.', 0, '2019-06-26 13:59:48', '2019-06-26 13:59:48'),
(442, 10, 'Jesse Walker', 'Mollitia officia debitis aut facilis ea ullam atque. Voluptas maiores occaecati quam nulla et occaecati sed. Ipsa ex est quod ex quae cum.', 3, '2019-06-26 13:59:48', '2019-06-26 13:59:48'),
(443, 2, 'Mariela Muller V', 'Sit qui cupiditate aut sint ducimus sint est voluptatem. Tempora unde ducimus ut quos ut id ab aut. Delectus officiis repellendus deleniti impedit optio recusandae. Pariatur eligendi qui dolores.', 3, '2019-06-26 13:59:48', '2019-06-26 13:59:48'),
(444, 8, 'Winston Wunsch', 'Eum quia ut quis sunt ipsum reprehenderit. Incidunt debitis modi fugit. Nihil saepe exercitationem nihil optio. Asperiores et iure consequatur vel aliquid ducimus voluptates.', 4, '2019-06-26 13:59:48', '2019-06-26 13:59:48'),
(445, 2, 'Hallie Gleason', 'Velit pariatur occaecati nostrum numquam qui nulla consequatur. Omnis repellendus veniam esse qui voluptate et nesciunt. Perspiciatis odio enim aperiam et. Debitis pariatur cumque ut maxime aut.', 3, '2019-06-26 13:59:48', '2019-06-26 13:59:48'),
(446, 10, 'Mr. German Zieme II', 'Voluptatem fugit praesentium quas optio. Aut perferendis facilis rerum voluptatum repudiandae saepe. Incidunt eius corporis officiis quaerat ut voluptate.', 5, '2019-06-26 13:59:48', '2019-06-26 13:59:48'),
(447, 3, 'Shany Mitchell II', 'Consequatur repellendus quia mollitia qui ad voluptatum. Qui esse nesciunt eligendi nisi aut vel. Quia omnis alias saepe eaque sed perspiciatis. Velit est atque ut incidunt molestiae est ullam.', 2, '2019-06-26 13:59:48', '2019-06-26 13:59:48'),
(448, 5, 'Mr. Brandt Hoppe', 'Laborum placeat quo omnis sit nemo sit. Nulla nesciunt itaque architecto dolore. Possimus hic sit commodi et vitae nihil. Esse minima odit et.', 5, '2019-06-26 13:59:48', '2019-06-26 13:59:48'),
(449, 1, 'Devyn Robel', 'Harum doloribus vel dolores. Explicabo ut vero itaque qui soluta eos eos. In nihil maxime nihil iusto fugiat vel. Aperiam error earum ab odio quidem rem. Dolor esse minima eos incidunt et qui tempora.', 0, '2019-06-26 13:59:48', '2019-06-26 13:59:48'),
(450, 8, 'Miss Maye Brakus', 'Dignissimos quisquam voluptas ut voluptatem quia vero sint. Aspernatur harum saepe saepe qui vel. Adipisci qui modi aut sunt sapiente nihil dolores occaecati. Incidunt ut assumenda eos numquam velit et ullam quam. Nemo voluptate laboriosam omnis accusantium aut.', 0, '2019-06-26 13:59:48', '2019-06-26 13:59:48'),
(451, 7, 'Estefania Lebsack', 'Facilis aliquam est voluptatum dolores vitae commodi. Maiores illum et quia soluta consequatur dolor omnis.', 1, '2019-06-26 13:59:48', '2019-06-26 13:59:48'),
(452, 3, 'Mrs. Audreanne Roob', 'Placeat illum alias aliquid. Blanditiis dolor eos autem repudiandae.', 5, '2019-06-26 13:59:49', '2019-06-26 13:59:49'),
(453, 5, 'Vada Gibson', 'Est accusamus velit reiciendis et ipsum est aliquam. Sed et voluptates est aliquid. Optio totam eos vero laudantium temporibus. Ratione officiis sit ipsum animi minima.', 1, '2019-06-26 13:59:49', '2019-06-26 13:59:49'),
(454, 4, 'Prof. Roberto Frami', 'Molestiae aut odit eos incidunt debitis voluptas sint. Laboriosam vel est voluptas aut quo. Est adipisci sapiente aliquid culpa. Nihil aspernatur ut impedit mollitia aut.', 3, '2019-06-26 13:59:49', '2019-06-26 13:59:49'),
(455, 8, 'Sigurd Rowe', 'Saepe deserunt consequatur molestiae eaque. Et quia fugiat aut sequi eius odit voluptatum. Ut rerum molestiae omnis qui aut quos. Deleniti necessitatibus dolorum qui sed et.', 0, '2019-06-26 13:59:49', '2019-06-26 13:59:49'),
(456, 2, 'Colby Hamill', 'Quas laborum nisi quo quos quas corporis voluptas. Provident aperiam non quod reprehenderit eum asperiores. Qui quod doloribus ut et tempora totam voluptate.', 3, '2019-06-26 13:59:49', '2019-06-26 13:59:49'),
(457, 9, 'Mr. Garnett Flatley', 'Ut voluptates molestias dolorem minus accusamus. Ipsa veniam aut qui aut quo harum. Eos id labore ea qui quod animi repellendus. Nihil labore perferendis earum.', 1, '2019-06-26 13:59:49', '2019-06-26 13:59:49'),
(458, 3, 'Malvina Moore III', 'Odio non rem voluptatem qui exercitationem. Dolores impedit delectus dignissimos earum rerum commodi sit laborum. At vel perferendis occaecati magnam.', 3, '2019-06-26 13:59:49', '2019-06-26 13:59:49'),
(459, 2, 'Fredy Parisian', 'Laborum eos est doloribus. Perspiciatis modi eveniet reiciendis inventore ea iste neque vitae. Alias sunt dolores animi.', 0, '2019-06-26 13:59:49', '2019-06-26 13:59:49'),
(460, 9, 'Ashlee Stracke', 'Suscipit esse molestias sit veritatis ut nulla. Accusantium voluptatem amet voluptatum accusamus magni debitis. Rerum quod incidunt sed cumque praesentium culpa molestias. Deleniti saepe provident esse maiores earum quos.', 5, '2019-06-26 13:59:49', '2019-06-26 13:59:49'),
(461, 1, 'Alfonso Altenwerth', 'Eaque qui quisquam beatae hic. Ut maxime natus ut numquam commodi. Non accusamus dolorem voluptatem commodi.', 5, '2019-06-26 13:59:49', '2019-06-26 13:59:49'),
(462, 10, 'Ms. Avis Schiller I', 'Rerum quia assumenda aut magnam ut. Mollitia aut praesentium voluptatibus animi qui suscipit. Eos inventore sapiente qui cum.', 3, '2019-06-26 13:59:49', '2019-06-26 13:59:49'),
(463, 3, 'Earnest Boyer', 'Aut blanditiis nulla quos autem. Vero quaerat sunt quod corrupti omnis. Aspernatur autem quis et. Repellendus molestiae culpa consequuntur doloribus molestias laudantium eum voluptatem.', 3, '2019-06-26 13:59:49', '2019-06-26 13:59:49'),
(464, 4, 'Mathilde Huels', 'Non voluptatem dolorem occaecati in consequatur praesentium aut. Exercitationem autem nihil est dolor architecto et vel. Quis repellat voluptas quidem voluptate.', 3, '2019-06-26 13:59:49', '2019-06-26 13:59:49'),
(465, 3, 'Prof. Niko Beer PhD', 'Dicta rerum eos in qui aut enim fugiat. Aut quam vitae qui qui nisi nihil. Neque omnis esse et cum.', 3, '2019-06-26 13:59:49', '2019-06-26 13:59:49'),
(466, 9, 'Ruthe Jakubowski', 'Veritatis dolores ut voluptatum et quo in. Omnis modi quo sed dignissimos optio dolor. Hic iure doloribus et expedita ea qui cupiditate.', 5, '2019-06-26 13:59:50', '2019-06-26 13:59:50'),
(467, 6, 'Miss Evie Kohler', 'Et vel inventore dolorem. Aut fugiat sunt ut suscipit et quod. Et deleniti odit soluta amet itaque. Ipsa enim dicta impedit temporibus cumque.', 0, '2019-06-26 13:59:50', '2019-06-26 13:59:50'),
(468, 10, 'Ladarius O\'Reilly', 'Provident quibusdam rerum modi et. Neque esse animi sint rerum ea. Quasi repudiandae animi libero reprehenderit nihil mollitia. Quia qui quam nisi.', 1, '2019-06-26 13:59:50', '2019-06-26 13:59:50'),
(469, 10, 'Mrs. Vesta Ondricka II', 'Similique maxime in assumenda recusandae. Est temporibus qui voluptatem accusamus velit in. Est pariatur possimus minus velit dolor.', 1, '2019-06-26 13:59:50', '2019-06-26 13:59:50'),
(470, 6, 'Noelia Oberbrunner', 'Inventore quo qui et quaerat. Excepturi natus nihil blanditiis excepturi molestiae enim quis. Eius natus tenetur dolorem sit maiores maiores doloremque. Repudiandae ut quaerat velit.', 5, '2019-06-26 13:59:50', '2019-06-26 13:59:50'),
(471, 4, 'Mable McCullough', 'Nam magnam culpa nemo qui. Quisquam iusto corporis totam veritatis commodi quia quia. Repudiandae odio quae quia excepturi perspiciatis.', 0, '2019-06-26 13:59:50', '2019-06-26 13:59:50'),
(472, 5, 'Prof. Kianna Marquardt V', 'Dolore esse velit voluptatibus cumque eos laboriosam repudiandae incidunt. Est fugit itaque magni ut incidunt natus assumenda. Ut et consequatur velit sunt sed assumenda. Aut non et quae quas quas cum.', 2, '2019-06-26 13:59:50', '2019-06-26 13:59:50'),
(473, 3, 'Austin Predovic', 'Dolor itaque alias hic aut. Est necessitatibus delectus harum minima facere hic modi eos. Enim voluptates ea velit sed. Nisi repellendus quibusdam eveniet nesciunt.', 1, '2019-06-26 13:59:50', '2019-06-26 13:59:50'),
(474, 9, 'Theresia Krajcik', 'Mollitia est ad enim occaecati. Qui consequatur dolorem culpa quia. Magnam possimus aliquam dolore ipsum natus. Quisquam vel suscipit eveniet reprehenderit sit. Sint facere non omnis voluptatibus autem saepe.', 1, '2019-06-26 13:59:50', '2019-06-26 13:59:50'),
(475, 3, 'Prof. Elouise Dooley', 'Assumenda rerum sunt recusandae ad nam vel tempora. Temporibus unde dolor amet enim eos. Nesciunt possimus nesciunt et nemo sapiente molestiae. Necessitatibus nobis ex quibusdam architecto.', 0, '2019-06-26 13:59:50', '2019-06-26 13:59:50'),
(476, 9, 'Prof. Owen McLaughlin DVM', 'Laboriosam eos quas sint deserunt doloremque est. Quaerat et soluta sunt quae architecto. Corrupti porro inventore vitae officia id voluptatem.', 4, '2019-06-26 13:59:50', '2019-06-26 13:59:50'),
(477, 3, 'Alena Wehner', 'Odit ipsa provident nesciunt aut. Ut necessitatibus officia ut ut.', 0, '2019-06-26 13:59:50', '2019-06-26 13:59:50'),
(478, 8, 'Dimitri Osinski', 'Impedit illo aliquid maiores deleniti dolores reprehenderit. Sed enim enim sint doloribus eaque. Eaque quasi ut voluptatem voluptatem animi nihil quia. Sed ipsum non architecto illo.', 0, '2019-06-26 13:59:51', '2019-06-26 13:59:51'),
(479, 5, 'Miss Pearl Fahey', 'Ad nobis ratione sapiente voluptas vitae voluptas. Ut repellat commodi quis nobis. Fugiat molestiae quo sunt aut odio. Commodi sunt qui magni iste nobis. Aut incidunt consequatur sit.', 4, '2019-06-26 13:59:51', '2019-06-26 13:59:51'),
(480, 9, 'Dr. Arielle Veum IV', 'Fugit suscipit ea magni ipsa iste harum consequatur. Iusto aperiam fuga omnis qui et eos provident odio. Maxime est saepe numquam et aut unde ut laboriosam. Voluptatem quisquam rerum velit expedita vel.', 2, '2019-06-26 13:59:51', '2019-06-26 13:59:51'),
(481, 1, 'Gladyce Skiles', 'Et ducimus sunt porro. Nulla fugit rerum esse sint est. Voluptatem soluta voluptas rerum soluta. Expedita aperiam asperiores id cumque vel.', 5, '2019-06-26 13:59:51', '2019-06-26 13:59:51'),
(482, 6, 'Miss Estefania Senger', 'Et dolores asperiores recusandae eligendi cum. Rerum qui suscipit optio. Rerum repellendus aut quasi alias.', 3, '2019-06-26 13:59:51', '2019-06-26 13:59:51'),
(483, 6, 'Ralph Little', 'Sunt quisquam eum ab temporibus facere porro quia. Laboriosam in iure accusamus et aut magni quia atque. Illum voluptatem sit ducimus consequatur atque omnis omnis. Ipsum autem aliquam error voluptate. Autem necessitatibus impedit nam quasi unde ut.', 4, '2019-06-26 13:59:51', '2019-06-26 13:59:51'),
(484, 1, 'Braeden Zulauf', 'Consectetur inventore dicta rerum eveniet quo. Aut odit ut ab consectetur maxime. Quis tenetur similique mollitia quibusdam ratione amet autem. Explicabo doloribus quos est voluptatem pariatur.', 2, '2019-06-26 13:59:51', '2019-06-26 13:59:51'),
(485, 2, 'Dr. Camron Becker', 'Qui nemo eos numquam ea et error libero tempore. Pariatur dolorem aliquam fugit quae. Aliquam aut animi optio quaerat magni occaecati. Quia et velit dolor id veniam sint enim.', 1, '2019-06-26 13:59:51', '2019-06-26 13:59:51'),
(486, 7, 'Kieran Carroll', 'Quos culpa accusamus consequatur excepturi. Cumque pariatur assumenda ut deleniti aut omnis rerum. Qui deserunt ducimus nulla. Consequatur et tempore non.', 1, '2019-06-26 13:59:51', '2019-06-26 13:59:51'),
(487, 10, 'Danielle Rutherford', 'Et natus autem aut facilis totam quos. In dolor veritatis quidem deserunt labore. Vel qui reiciendis animi saepe.', 2, '2019-06-26 13:59:51', '2019-06-26 13:59:51'),
(488, 3, 'Dr. Jamey Howell Sr.', 'In sint et quis et minus sequi totam. Exercitationem sunt omnis unde impedit sit consequatur. Modi dolorum rerum officia distinctio quas est ducimus. Consequatur aperiam nemo laboriosam aliquam.', 5, '2019-06-26 13:59:51', '2019-06-26 13:59:51'),
(489, 1, 'Stephania Daugherty', 'Provident qui minus eveniet quis aut recusandae et. Reprehenderit et accusamus porro vero aliquid. Aut qui dolores sit et. Incidunt enim quidem excepturi rem. Et provident nihil repellendus sunt animi reprehenderit consequatur.', 3, '2019-06-26 13:59:52', '2019-06-26 13:59:52'),
(490, 3, 'Miss Sheila Oberbrunner DVM', 'Nemo quas perferendis earum qui. Omnis magni eaque quia rerum id. Placeat sed autem ipsa dolores est earum quae. In sit aut voluptatum dolorem fugiat rerum eos ut.', 0, '2019-06-26 13:59:52', '2019-06-26 13:59:52'),
(491, 3, 'Prof. Brooks Von', 'Quam est iure qui commodi est eius fuga. At odit accusamus ea velit. Voluptatem veritatis quisquam dolorum enim praesentium.', 3, '2019-06-26 13:59:52', '2019-06-26 13:59:52'),
(492, 9, 'Mrs. Meredith Carter V', 'Animi id minus commodi quis porro. Error placeat sunt harum quasi voluptas asperiores in. Dolores voluptatum consequatur qui ullam assumenda sapiente totam voluptas. Et et voluptatem repellat a recusandae non labore. Aliquam tempore mollitia fugiat aut aliquam provident est animi.', 0, '2019-06-26 13:59:52', '2019-06-26 13:59:52'),
(493, 10, 'Prof. Lucinda Ebert', 'Consectetur repellat saepe illo iste officiis voluptate. Repellat in ad inventore cumque.', 0, '2019-06-26 13:59:52', '2019-06-26 13:59:52'),
(494, 3, 'Karson Hoeger PhD', 'Error vel qui et voluptas reprehenderit neque. Et pariatur voluptas placeat occaecati nihil.', 0, '2019-06-26 13:59:52', '2019-06-26 13:59:52'),
(495, 10, 'Prof. Kamren Tremblay DDS', 'Libero deleniti est dicta esse facere quia et modi. Similique voluptatem officiis necessitatibus impedit atque officia reprehenderit. Aut rem fuga eaque et nihil soluta corrupti. Itaque facere ex quidem.', 4, '2019-06-26 13:59:52', '2019-06-26 13:59:52'),
(496, 10, 'Mrs. Agnes Berge', 'Voluptate et qui qui porro omnis numquam. Veniam quia quaerat distinctio impedit aut ut. Aut sed iusto ullam velit qui. Illum distinctio porro repellat sit error ea. Asperiores magnam incidunt culpa dignissimos.', 0, '2019-06-26 13:59:52', '2019-06-26 13:59:52'),
(497, 5, 'Dixie Huel', 'Possimus tenetur vitae aut delectus doloribus ratione. Nemo et numquam magni laboriosam quis perferendis recusandae. Optio eos odit in eos reiciendis sint. Voluptas earum ex voluptates nihil error.', 5, '2019-06-26 13:59:52', '2019-06-26 13:59:52'),
(498, 4, 'Hester Ryan', 'Veritatis error possimus ut natus porro labore neque. Sunt architecto ut voluptas et est maiores dolorem. Explicabo enim dignissimos alias. Libero quo repudiandae eum officiis.', 4, '2019-06-26 13:59:52', '2019-06-26 13:59:52'),
(499, 9, 'Daisy Haley IV', 'Sint doloribus est reprehenderit odit sed magnam aliquam. Deleniti aut sit qui quis autem voluptate nostrum. Voluptatem alias et tempora delectus quibusdam. Mollitia dignissimos laudantium et voluptatem distinctio est.', 4, '2019-06-26 13:59:52', '2019-06-26 13:59:52'),
(500, 7, 'Cleveland Stamm', 'Eos et repellendus nemo qui itaque quaerat nihil. Vero aut modi ut. Facilis sed enim et corrupti dolorum. Nostrum iste atque rerum sapiente optio veritatis quo sint.', 5, '2019-06-26 13:59:52', '2019-06-26 13:59:52');

-- --------------------------------------------------------

--
-- Table structure for table `users`
--

CREATE TABLE `users` (
  `id` bigint(20) UNSIGNED NOT NULL,
  `name` varchar(191) COLLATE utf8mb4_unicode_ci NOT NULL,
  `email` varchar(191) COLLATE utf8mb4_unicode_ci NOT NULL,
  `email_verified_at` timestamp NULL DEFAULT NULL,
  `password` varchar(191) COLLATE utf8mb4_unicode_ci NOT NULL,
  `remember_token` varchar(100) COLLATE utf8mb4_unicode_ci DEFAULT NULL,
  `created_at` timestamp NULL DEFAULT NULL,
  `updated_at` timestamp NULL DEFAULT NULL
) ENGINE=InnoDB DEFAULT CHARSET=utf8mb4 COLLATE=utf8mb4_unicode_ci;

--
-- Dumping data for table `users`
--

INSERT INTO `users` (`id`, `name`, `email`, `email_verified_at`, `password`, `remember_token`, `created_at`, `updated_at`) VALUES
(1, 'Loren Botsford', 'brooklyn71@example.net', '2019-06-26 13:59:21', '$2y$10$92IXUNpkjO0rOQ5byMi.Ye4oKoEa3Ro9llC/.og/at2.uheWG/igi', 'Es9m61GS3g', '2019-06-26 13:59:21', '2019-06-26 13:59:21'),
(2, 'Darion Hodkiewicz', 'roman60@example.net', '2019-06-26 13:59:21', '$2y$10$92IXUNpkjO0rOQ5byMi.Ye4oKoEa3Ro9llC/.og/at2.uheWG/igi', 'QJGB6YCeKv', '2019-06-26 13:59:21', '2019-06-26 13:59:21');

--
-- Indexes for dumped tables
--

--
-- Indexes for table `migrations`
--
ALTER TABLE `migrations`
  ADD PRIMARY KEY (`id`);

--
-- Indexes for table `orders`
--
ALTER TABLE `orders`
  ADD PRIMARY KEY (`id`),
  ADD KEY `orders_user_id_index` (`user_id`);

--
-- Indexes for table `order_items`
--
ALTER TABLE `order_items`
  ADD PRIMARY KEY (`id`),
  ADD KEY `order_items_order_id_index` (`order_id`),
  ADD KEY `order_items_product_id_index` (`product_id`);

--
-- Indexes for table `password_resets`
--
ALTER TABLE `password_resets`
  ADD KEY `password_resets_email_index` (`email`);

--
-- Indexes for table `products`
--
ALTER TABLE `products`
  ADD PRIMARY KEY (`id`);

--
-- Indexes for table `reviews`
--
ALTER TABLE `reviews`
  ADD PRIMARY KEY (`id`),
  ADD KEY `reviews_product_id_index` (`product_id`);

--
-- Indexes for table `users`
--
ALTER TABLE `users`
  ADD PRIMARY KEY (`id`),
  ADD UNIQUE KEY `users_email_unique` (`email`);

--
-- AUTO_INCREMENT for dumped tables
--

--
-- AUTO_INCREMENT for table `migrations`
--
ALTER TABLE `migrations`
  MODIFY `id` int(10) UNSIGNED NOT NULL AUTO_INCREMENT, AUTO_INCREMENT=7;

--
-- AUTO_INCREMENT for table `orders`
--
ALTER TABLE `orders`
  MODIFY `id` bigint(20) UNSIGNED NOT NULL AUTO_INCREMENT, AUTO_INCREMENT=21;

--
-- AUTO_INCREMENT for table `order_items`
--
ALTER TABLE `order_items`
  MODIFY `id` bigint(20) UNSIGNED NOT NULL AUTO_INCREMENT, AUTO_INCREMENT=91;

--
-- AUTO_INCREMENT for table `products`
--
ALTER TABLE `products`
  MODIFY `id` bigint(20) UNSIGNED NOT NULL AUTO_INCREMENT, AUTO_INCREMENT=11;

--
-- AUTO_INCREMENT for table `reviews`
--
ALTER TABLE `reviews`
  MODIFY `id` bigint(20) UNSIGNED NOT NULL AUTO_INCREMENT, AUTO_INCREMENT=501;

--
-- AUTO_INCREMENT for table `users`
--
ALTER TABLE `users`
  MODIFY `id` bigint(20) UNSIGNED NOT NULL AUTO_INCREMENT, AUTO_INCREMENT=3;

--
-- Constraints for dumped tables
--

--
-- Constraints for table `orders`
--
ALTER TABLE `orders`
  ADD CONSTRAINT `orders_user_id_foreign` FOREIGN KEY (`user_id`) REFERENCES `users` (`id`);

--
-- Constraints for table `order_items`
--
ALTER TABLE `order_items`
  ADD CONSTRAINT `order_items_order_id_foreign` FOREIGN KEY (`order_id`) REFERENCES `orders` (`id`),
  ADD CONSTRAINT `order_items_product_id_foreign` FOREIGN KEY (`product_id`) REFERENCES `products` (`id`);

--
-- Constraints for table `reviews`
--
ALTER TABLE `reviews`
  ADD CONSTRAINT `reviews_product_id_foreign` FOREIGN KEY (`product_id`) REFERENCES `products` (`id`) ON DELETE CASCADE;
COMMIT;

/*!40101 SET CHARACTER_SET_CLIENT=@OLD_CHARACTER_SET_CLIENT */;
/*!40101 SET CHARACTER_SET_RESULTS=@OLD_CHARACTER_SET_RESULTS */;
/*!40101 SET COLLATION_CONNECTION=@OLD_COLLATION_CONNECTION */;
